market,source,period_type,period_start,period_end,rank,previous_rank,previous_rank_label,title_source,movie_id,release_date,distributor,origin,period_gross,currency,period_admissions,period_showtimes,cumulative_gross,cumulative_admissions,is_estimated,source_url,captured_at
MY,Cinema Online,weekend,2026-01-01,2026-01-04,1,1,,Papa Zola The Movie,,2025-12-11,,,,,,,,,False,https://www.cinema.com.my/movies/charts.aspx?date=1/4/2026,2026-08-13T07:35:57+00:00
MY,Cinema Online,weekend,2026-01-01,2026-01-04,2,,New,Back To The Past,,2025-12-31,,,,,,,,,False,https://www.cinema.com.my/movies/charts.aspx?date=1/4/2026,2026-08-13T07:35:57+00:00
MY,Cinema Online,weekend,2026-01-01,2026-01-04,3,2,,Avatar: Fire And Ash,,2025-12-18,,,,,,,,,False,https://www.cinema.com.my/movies/charts.aspx?date=1/4/2026,2026-08-13T07:35:57+00:00
MY,Cinema Online,weekend,2026-01-01,2026-01-04,4,3,,Anaconda,,2025-12-25,,,,,,,,,False,https://www.cinema.com.my/movies/charts.aspx?date=1/4/2026,2026-08-13T07:35:57+00:00
MY,Cinema Online,weekend,2026-01-01,2026-01-04,5,4,,Zootopia 2,,2025-11-27,,,,,,,,,False,https://www.cinema.com.my/movies/charts.aspx?date=1/4/2026,2026-08-13T07:35:57+00:00
MY,Cinema Online,weekend,2026-01-01,2026-01-04,6,,New,Janur Ireng: Sewu Dino The Prequel,,2026-01-01,,,,,,,,,False,https://www.cinema.com.my/movies/charts.aspx?date=1/4/2026,2026-08-13T07:35:57+00:00
MY,Cinema Online,weekend,2026-01-01,2026-01-04,7,7,,The SpongeBob Movie: Search For SquarePants,,2025-12-25,,,,,,,,,False,https://www.cinema.com.my/movies/charts.aspx?date=1/4/2026,2026-08-13T07:35:57+00:00
MY,Cinema Online,weekend,2026-01-01,2026-01-04,8,5,,White,,2025-12-18,,,,,,,,,False,https://www.cinema.com.my/movies/charts.aspx?date=1/4/2026,2026-08-13T07:35:57+00:00
MY,Cinema Online,weekend,2026-01-01,2026-01-04,9,6,,Duyung: Legenda Aurora,,2025-12-25,,,,,,,,,False,https://www.cinema.com.my/movies/charts.aspx?date=1/4/2026,2026-08-13T07:35:57+00:00
MY,Cinema Online,weekend,2026-01-01,2026-01-04,10,,New,Timur,,2026-01-01,,,,,,,,,False,https://www.cinema.com.my/movies/charts.aspx?date=1/4/2026,2026-08-13T07:35:57+00:00
SG,Cinema Online,weekend,2026-01-01,2026-01-04,1,1,,Avatar: Fire And Ash,,2025-12-18,,,,,,,,,False,https://www.cinema.com.my/movies/charts.aspx?date=1/4/2026,2026-08-13T07:35:57+00:00
SG,Cinema Online,weekend,2026-01-01,2026-01-04,2,2,,Zootopia 2,,2025-11-27,,,,,,,,,False,https://www.cinema.com.my/movies/charts.aspx?date=1/4/2026,2026-08-13T07:35:57+00:00
SG,Cinema Online,weekend,2026-01-01,2026-01-04,3,,New,Back To The Past,,2026-01-01,,,,,,,,,False,https://www.cinema.com.my/movies/charts.aspx?date=1/4/2026,2026-08-13T07:35:57+00:00
SG,Cinema Online,weekend,2026-01-01,2026-01-04,4,3,,Anaconda,,2025-12-25,,,,,,,,,False,https://www.cinema.com.my/movies/charts.aspx?date=1/4/2026,2026-08-13T07:35:57+00:00
SG,Cinema Online,weekend,2026-01-01,2026-01-04,5,4,,The SpongeBob Movie: Search For SquarePants,,2025-12-25,,,,,,,,,False,https://www.cinema.com.my/movies/charts.aspx?date=1/4/2026,2026-08-13T07:35:57+00:00
SG,Cinema Online,weekend,2026-01-01,2026-01-04,6,,New,The Housemaid,,2026-01-01,,,,,,,,,False,https://www.cinema.com.my/movies/charts.aspx?date=1/4/2026,2026-08-13T07:35:57+00:00
SG,Cinema Online,weekend,2026-01-01,2026-01-04,7,5,,David,,2025-12-25,,,,,,,,,False,https://www.cinema.com.my/movies/charts.aspx?date=1/4/2026,2026-08-13T07:35:57+00:00
SG,Cinema Online,weekend,2026-01-01,2026-01-04,8,6,,Wicked: For Good,,2025-11-20,,,,,,,,,False,https://www.cinema.com.my/movies/charts.aspx?date=1/4/2026,2026-08-13T07:35:57+00:00
SG,Cinema Online,weekend,2026-01-01,2026-01-04,9,7,,Five Nights At Freddy,,2025-12-04,,,,,,,,,False,https://www.cinema.com.my/movies/charts.aspx?date=1/4/2026,2026-08-13T07:35:57+00:00
SG,Cinema Online,weekend,2026-01-01,2026-01-04,10,,New,Unexpected Family,,2026-01-01,,,,,,,,,False,https://www.cinema.com.my/movies/charts.aspx?date=1/4/2026,2026-08-13T07:35:57+00:00
MY,Cinema Online,weekend,2026-01-08,2026-01-11,1,1,,Papa Zola The Movie,,2025-12-11,,,,,,,,,False,https://www.cinema.com.my/movies/charts.aspx?date=1/11/2026,2026-08-13T07:36:02+00:00
MY,Cinema Online,weekend,2026-01-08,2026-01-11,2,3,,Avatar: Fire And Ash,,2025-12-18,,,,,,,,,False,https://www.cinema.com.my/movies/charts.aspx?date=1/11/2026,2026-08-13T07:36:02+00:00
MY,Cinema Online,weekend,2026-01-08,2026-01-11,3,2,,Back To The Past,,2025-12-31,,,,,,,,,False,https://www.cinema.com.my/movies/charts.aspx?date=1/11/2026,2026-08-13T07:36:02+00:00
MY,Cinema Online,weekend,2026-01-08,2026-01-11,4,,New,Parasakthi,,2026-01-10,,,,,,,,,False,https://www.cinema.com.my/movies/charts.aspx?date=1/11/2026,2026-08-13T07:36:02+00:00
MY,Cinema Online,weekend,2026-01-08,2026-01-11,5,,New,Unexpected Family,,2026-01-08,,,,,,,,,False,https://www.cinema.com.my/movies/charts.aspx?date=1/11/2026,2026-08-13T07:36:02+00:00
MY,Cinema Online,weekend,2026-01-08,2026-01-11,6,4,,Anaconda,,2025-12-25,,,,,,,,,False,https://www.cinema.com.my/movies/charts.aspx?date=1/11/2026,2026-08-13T07:36:02+00:00
MY,Cinema Online,weekend,2026-01-08,2026-01-11,7,5,,Zootopia 2,,2025-11-27,,,,,,,,,False,https://www.cinema.com.my/movies/charts.aspx?date=1/11/2026,2026-08-13T07:36:02+00:00
MY,Cinema Online,weekend,2026-01-08,2026-01-11,8,,New,Escape From The Outland,,2026-01-08,,,,,,,,,False,https://www.cinema.com.my/movies/charts.aspx?date=1/11/2026,2026-08-13T07:36:02+00:00
MY,Cinema Online,weekend,2026-01-08,2026-01-11,9,,New,The Voice Of Hind Rajab,,2026-01-08,,,,,,,,,False,https://www.cinema.com.my/movies/charts.aspx?date=1/11/2026,2026-08-13T07:36:02+00:00
MY,Cinema Online,weekend,2026-01-08,2026-01-11,10,,New,Greenland 2: Migration,,2026-01-08,,,,,,,,,False,https://www.cinema.com.my/movies/charts.aspx?date=1/11/2026,2026-08-13T07:36:02+00:00
SG,Cinema Online,weekend,2026-01-08,2026-01-11,1,1,,Avatar: Fire And Ash,,2025-12-18,,,,,,,,,False,https://www.cinema.com.my/movies/charts.aspx?date=1/11/2026,2026-08-13T07:36:02+00:00
SG,Cinema Online,weekend,2026-01-08,2026-01-11,2,2,,Zootopia 2,,2025-11-27,,,,,,,,,False,https://www.cinema.com.my/movies/charts.aspx?date=1/11/2026,2026-08-13T07:36:02+00:00
SG,Cinema Online,weekend,2026-01-08,2026-01-11,3,3,,Back To The Past,,2026-01-01,,,,,,,,,False,https://www.cinema.com.my/movies/charts.aspx?date=1/11/2026,2026-08-13T07:36:02+00:00
SG,Cinema Online,weekend,2026-01-08,2026-01-11,4,4,,Anaconda,,2025-12-25,,,,,,,,,False,https://www.cinema.com.my/movies/charts.aspx?date=1/11/2026,2026-08-13T07:36:02+00:00
SG,Cinema Online,weekend,2026-01-08,2026-01-11,5,,New,Greenland 2: Migration,,2026-01-08,,,,,,,,,False,https://www.cinema.com.my/movies/charts.aspx?date=1/11/2026,2026-08-13T07:36:02+00:00
SG,Cinema Online,weekend,2026-01-08,2026-01-11,6,6,,The Housemaid,,2026-01-01,,,,,,,,,False,https://www.cinema.com.my/movies/charts.aspx?date=1/11/2026,2026-08-13T07:36:02+00:00
SG,Cinema Online,weekend,2026-01-08,2026-01-11,7,5,,The SpongeBob Movie: Search For SquarePants,,2025-12-25,,,,,,,,,False,https://www.cinema.com.my/movies/charts.aspx?date=1/11/2026,2026-08-13T07:36:02+00:00
SG,Cinema Online,weekend,2026-01-08,2026-01-11,8,7,,David,,2025-12-25,,,,,,,,,False,https://www.cinema.com.my/movies/charts.aspx?date=1/11/2026,2026-08-13T07:36:02+00:00
SG,Cinema Online,weekend,2026-01-08,2026-01-11,9,,New,Escape From The Outland,,2026-01-08,,,,,,,,,False,https://www.cinema.com.my/movies/charts.aspx?date=1/11/2026,2026-08-13T07:36:02+00:00
SG,Cinema Online,weekend,2026-01-08,2026-01-11,10,10,,Unexpected Family,,2026-01-01,,,,,,,,,False,https://www.cinema.com.my/movies/charts.aspx?date=1/11/2026,2026-08-13T07:36:02+00:00
MY,Cinema Online,weekend,2026-01-15,2026-01-18,1,1,,Papa Zola The Movie,,2025-12-11,,,,,,,,,False,https://www.cinema.com.my/movies/charts.aspx?date=1/18/2026,2026-08-13T07:36:06+00:00
MY,Cinema Online,weekend,2026-01-15,2026-01-18,2,3,,Back To The Past,,2025-12-31,,,,,,,,,False,https://www.cinema.com.my/movies/charts.aspx?date=1/18/2026,2026-08-13T07:36:06+00:00
MY,Cinema Online,weekend,2026-01-15,2026-01-18,3,2,,Avatar: Fire And Ash,,2025-12-18,,,,,,,,,False,https://www.cinema.com.my/movies/charts.aspx?date=1/18/2026,2026-08-13T07:36:06+00:00
MY,Cinema Online,weekend,2026-01-15,2026-01-18,4,5,,Unexpected Family,,2026-01-08,,,,,,,,,False,https://www.cinema.com.my/movies/charts.aspx?date=1/18/2026,2026-08-13T07:36:06+00:00
MY,Cinema Online,weekend,2026-01-15,2026-01-18,5,,New,Dusun Mayit,,2026-01-15,,,,,,,,,False,https://www.cinema.com.my/movies/charts.aspx?date=1/18/2026,2026-08-13T07:36:06+00:00
MY,Cinema Online,weekend,2026-01-15,2026-01-18,6,,New,28 Years Later: The Bone Temple,,2026-01-15,,,,,,,,,False,https://www.cinema.com.my/movies/charts.aspx?date=1/18/2026,2026-08-13T07:36:06+00:00
MY,Cinema Online,weekend,2026-01-15,2026-01-18,7,9,,The Voice Of Hind Rajab,,2026-01-08,,,,,,,,,False,https://www.cinema.com.my/movies/charts.aspx?date=1/18/2026,2026-08-13T07:36:06+00:00
MY,Cinema Online,weekend,2026-01-15,2026-01-18,8,4,,Parasakthi,,2026-01-10,,,,,,,,,False,https://www.cinema.com.my/movies/charts.aspx?date=1/18/2026,2026-08-13T07:36:06+00:00
MY,Cinema Online,weekend,2026-01-15,2026-01-18,9,,New,Sunshine Women,,2026-01-15,,,,,,,,,False,https://www.cinema.com.my/movies/charts.aspx?date=1/18/2026,2026-08-13T07:36:06+00:00
MY,Cinema Online,weekend,2026-01-15,2026-01-18,10,6,,Anaconda,,2025-12-25,,,,,,,,,False,https://www.cinema.com.my/movies/charts.aspx?date=1/18/2026,2026-08-13T07:36:06+00:00
SG,Cinema Online,weekend,2026-01-15,2026-01-18,1,1,,Avatar: Fire And Ash,,2025-12-18,,,,,,,,,False,https://www.cinema.com.my/movies/charts.aspx?date=1/18/2026,2026-08-13T07:36:06+00:00
SG,Cinema Online,weekend,2026-01-15,2026-01-18,2,2,,Zootopia 2,,2025-11-27,,,,,,,,,False,https://www.cinema.com.my/movies/charts.aspx?date=1/18/2026,2026-08-13T07:36:06+00:00
SG,Cinema Online,weekend,2026-01-15,2026-01-18,3,3,,Back To The Past,,2026-01-01,,,,,,,,,False,https://www.cinema.com.my/movies/charts.aspx?date=1/18/2026,2026-08-13T07:36:06+00:00
SG,Cinema Online,weekend,2026-01-15,2026-01-18,4,,New,28 Years Later: The Bone Temple,,2026-01-15,,,,,,,,,False,https://www.cinema.com.my/movies/charts.aspx?date=1/18/2026,2026-08-13T07:36:06+00:00
SG,Cinema Online,weekend,2026-01-15,2026-01-18,5,4,,Anaconda,,2025-12-25,,,,,,,,,False,https://www.cinema.com.my/movies/charts.aspx?date=1/18/2026,2026-08-13T07:36:06+00:00
SG,Cinema Online,weekend,2026-01-15,2026-01-18,6,6,,The Housemaid,,2026-01-01,,,,,,,,,False,https://www.cinema.com.my/movies/charts.aspx?date=1/18/2026,2026-08-13T07:36:06+00:00
SG,Cinema Online,weekend,2026-01-15,2026-01-18,7,5,,Greenland 2: Migration,,2026-01-08,,,,,,,,,False,https://www.cinema.com.my/movies/charts.aspx?date=1/18/2026,2026-08-13T07:36:06+00:00
SG,Cinema Online,weekend,2026-01-15,2026-01-18,8,,New,Sunshine Women,,2026-01-15,,,,,,,,,False,https://www.cinema.com.my/movies/charts.aspx?date=1/18/2026,2026-08-13T07:36:06+00:00
SG,Cinema Online,weekend,2026-01-15,2026-01-18,9,7,,The SpongeBob Movie: Search For SquarePants,,2025-12-25,,,,,,,,,False,https://www.cinema.com.my/movies/charts.aspx?date=1/18/2026,2026-08-13T07:36:06+00:00
SG,Cinema Online,weekend,2026-01-15,2026-01-18,10,10,,Unexpected Family,,2026-01-01,,,,,,,,,False,https://www.cinema.com.my/movies/charts.aspx?date=1/18/2026,2026-08-13T07:36:06+00:00
MY,Cinema Online,weekend,2026-01-22,2026-01-25,1,1,,Papa Zola The Movie,,2025-12-11,,,,,,,,,False,https://www.cinema.com.my/movies/charts.aspx?date=1/25/2026,2026-08-13T07:36:09+00:00
MY,Cinema Online,weekend,2026-01-22,2026-01-25,2,9,,Sunshine Women,,2026-01-15,,,,,,,,,False,https://www.cinema.com.my/movies/charts.aspx?date=1/25/2026,2026-08-13T07:36:09+00:00
MY,Cinema Online,weekend,2026-01-22,2026-01-25,3,2,,Back To The Past,,2025-12-31,,,,,,,,,False,https://www.cinema.com.my/movies/charts.aspx?date=1/25/2026,2026-08-13T07:36:09+00:00
MY,Cinema Online,weekend,2026-01-22,2026-01-25,4,3,,Avatar: Fire And Ash,,2025-12-18,,,,,,,,,False,https://www.cinema.com.my/movies/charts.aspx?date=1/25/2026,2026-08-13T07:36:09+00:00
MY,Cinema Online,weekend,2026-01-22,2026-01-25,5,,New,Primate,,2026-01-22,,,,,,,,,False,https://www.cinema.com.my/movies/charts.aspx?date=1/25/2026,2026-08-13T07:36:09+00:00
MY,Cinema Online,weekend,2026-01-22,2026-01-25,6,,New,Qorin 2,,2026-01-22,,,,,,,,,False,https://www.cinema.com.my/movies/charts.aspx?date=1/25/2026,2026-08-13T07:36:09+00:00
MY,Cinema Online,weekend,2026-01-22,2026-01-25,7,4,,Unexpected Family,,2026-01-08,,,,,,,,,False,https://www.cinema.com.my/movies/charts.aspx?date=1/25/2026,2026-08-13T07:36:09+00:00
MY,Cinema Online,weekend,2026-01-22,2026-01-25,8,5,,Dusun Mayit,,2026-01-15,,,,,,,,,False,https://www.cinema.com.my/movies/charts.aspx?date=1/25/2026,2026-08-13T07:36:09+00:00
MY,Cinema Online,weekend,2026-01-22,2026-01-25,9,,New,Project SEKAI COLORFUL LIVE 5th - Frontier - Live Viewing,,2026-01-25,,,,,,,,,False,https://www.cinema.com.my/movies/charts.aspx?date=1/25/2026,2026-08-13T07:36:09+00:00
MY,Cinema Online,weekend,2026-01-22,2026-01-25,10,7,,The Voice Of Hind Rajab,,2026-01-08,,,,,,,,,False,https://www.cinema.com.my/movies/charts.aspx?date=1/25/2026,2026-08-13T07:36:09+00:00
SG,Cinema Online,weekend,2026-01-22,2026-01-25,1,1,,Avatar: Fire And Ash,,2025-12-18,,,,,,,,,False,https://www.cinema.com.my/movies/charts.aspx?date=1/25/2026,2026-08-13T07:36:09+00:00
SG,Cinema Online,weekend,2026-01-22,2026-01-25,2,2,,Zootopia 2,,2025-11-27,,,,,,,,,False,https://www.cinema.com.my/movies/charts.aspx?date=1/25/2026,2026-08-13T07:36:09+00:00
SG,Cinema Online,weekend,2026-01-22,2026-01-25,3,,New,Mudborn,,2026-01-22,,,,,,,,,False,https://www.cinema.com.my/movies/charts.aspx?date=1/25/2026,2026-08-13T07:36:09+00:00
SG,Cinema Online,weekend,2026-01-22,2026-01-25,4,8,,Sunshine Women,,2026-01-15,,,,,,,,,False,https://www.cinema.com.my/movies/charts.aspx?date=1/25/2026,2026-08-13T07:36:09+00:00
SG,Cinema Online,weekend,2026-01-22,2026-01-25,5,3,,Back To The Past,,2026-01-01,,,,,,,,,False,https://www.cinema.com.my/movies/charts.aspx?date=1/25/2026,2026-08-13T07:36:09+00:00
SG,Cinema Online,weekend,2026-01-22,2026-01-25,6,,New,Rental Family,,2026-01-22,,,,,,,,,False,https://www.cinema.com.my/movies/charts.aspx?date=1/25/2026,2026-08-13T07:36:09+00:00
SG,Cinema Online,weekend,2026-01-22,2026-01-25,7,,New,Primate,,2026-01-22,,,,,,,,,False,https://www.cinema.com.my/movies/charts.aspx?date=1/25/2026,2026-08-13T07:36:09+00:00
SG,Cinema Online,weekend,2026-01-22,2026-01-25,8,4,,28 Years Later: The Bone Temple,,2026-01-15,,,,,,,,,False,https://www.cinema.com.my/movies/charts.aspx?date=1/25/2026,2026-08-13T07:36:09+00:00
SG,Cinema Online,weekend,2026-01-22,2026-01-25,9,,New,Hamnet,,2026-01-22,,,,,,,,,False,https://www.cinema.com.my/movies/charts.aspx?date=1/25/2026,2026-08-13T07:36:09+00:00
SG,Cinema Online,weekend,2026-01-22,2026-01-25,10,6,,The Housemaid,,2026-01-01,,,,,,,,,False,https://www.cinema.com.my/movies/charts.aspx?date=1/25/2026,2026-08-13T07:36:09+00:00
MY,Cinema Online,weekend,2026-01-29,2026-02-01,1,2,,Sunshine Women,,2026-01-15,,,,,,,,,False,https://www.cinema.com.my/movies/charts.aspx?date=2/1/2026,2026-08-13T07:36:14+00:00
MY,Cinema Online,weekend,2026-01-29,2026-02-01,2,,New,Sampai Titik Terakhirmu,,2026-01-29,,,,,,,,,False,https://www.cinema.com.my/movies/charts.aspx?date=2/1/2026,2026-08-13T07:36:14+00:00
MY,Cinema Online,weekend,2026-01-29,2026-02-01,3,1,,Papa Zola The Movie,,2025-12-11,,,,,,,,,False,https://www.cinema.com.my/movies/charts.aspx?date=2/1/2026,2026-08-13T07:36:14+00:00
MY,Cinema Online,weekend,2026-01-29,2026-02-01,4,,New,Mercy,,2026-01-29,,,,,,,,,False,https://www.cinema.com.my/movies/charts.aspx?date=2/1/2026,2026-08-13T07:36:14+00:00
MY,Cinema Online,weekend,2026-01-29,2026-02-01,5,4,,Avatar: Fire And Ash,,2025-12-18,,,,,,,,,False,https://www.cinema.com.my/movies/charts.aspx?date=2/1/2026,2026-08-13T07:36:14+00:00
MY,Cinema Online,weekend,2026-01-29,2026-02-01,6,,New,Send Help,,2026-01-29,,,,,,,,,False,https://www.cinema.com.my/movies/charts.aspx?date=2/1/2026,2026-08-13T07:36:14+00:00
MY,Cinema Online,weekend,2026-01-29,2026-02-01,7,3,,Back To The Past,,2025-12-31,,,,,,,,,False,https://www.cinema.com.my/movies/charts.aspx?date=2/1/2026,2026-08-13T07:36:14+00:00
MY,Cinema Online,weekend,2026-01-29,2026-02-01,8,6,,Qorin 2,,2026-01-22,,,,,,,,,False,https://www.cinema.com.my/movies/charts.aspx?date=2/1/2026,2026-08-13T07:36:14+00:00
MY,Cinema Online,weekend,2026-01-29,2026-02-01,9,5,,Primate,,2026-01-22,,,,,,,,,False,https://www.cinema.com.my/movies/charts.aspx?date=2/1/2026,2026-08-13T07:36:14+00:00
MY,Cinema Online,weekend,2026-01-29,2026-02-01,10,,New,Shelter,,2026-01-29,,,,,,,,,False,https://www.cinema.com.my/movies/charts.aspx?date=2/1/2026,2026-08-13T07:36:14+00:00
SG,Cinema Online,weekend,2026-01-29,2026-02-01,1,1,,Avatar: Fire And Ash,,2025-12-18,,,,,,,,,False,https://www.cinema.com.my/movies/charts.aspx?date=2/1/2026,2026-08-13T07:36:14+00:00
SG,Cinema Online,weekend,2026-01-29,2026-02-01,2,,New,Mercy,,2026-01-29,,,,,,,,,False,https://www.cinema.com.my/movies/charts.aspx?date=2/1/2026,2026-08-13T07:36:14+00:00
SG,Cinema Online,weekend,2026-01-29,2026-02-01,3,4,,Sunshine Women,,2026-01-15,,,,,,,,,False,https://www.cinema.com.my/movies/charts.aspx?date=2/1/2026,2026-08-13T07:36:14+00:00
SG,Cinema Online,weekend,2026-01-29,2026-02-01,4,2,,Zootopia 2,,2025-11-27,,,,,,,,,False,https://www.cinema.com.my/movies/charts.aspx?date=2/1/2026,2026-08-13T07:36:14+00:00
SG,Cinema Online,weekend,2026-01-29,2026-02-01,5,,New,Send Help,,2026-01-29,,,,,,,,,False,https://www.cinema.com.my/movies/charts.aspx?date=2/1/2026,2026-08-13T07:36:14+00:00
SG,Cinema Online,weekend,2026-01-29,2026-02-01,6,3,,Mudborn,,2026-01-22,,,,,,,,,False,https://www.cinema.com.my/movies/charts.aspx?date=2/1/2026,2026-08-13T07:36:14+00:00
SG,Cinema Online,weekend,2026-01-29,2026-02-01,7,6,,Rental Family,,2026-01-22,,,,,,,,,False,https://www.cinema.com.my/movies/charts.aspx?date=2/1/2026,2026-08-13T07:36:14+00:00
SG,Cinema Online,weekend,2026-01-29,2026-02-01,8,9,,Hamnet,,2026-01-22,,,,,,,,,False,https://www.cinema.com.my/movies/charts.aspx?date=2/1/2026,2026-08-13T07:36:14+00:00
SG,Cinema Online,weekend,2026-01-29,2026-02-01,9,5,,Back To The Past,,2026-01-01,,,,,,,,,False,https://www.cinema.com.my/movies/charts.aspx?date=2/1/2026,2026-08-13T07:36:14+00:00
SG,Cinema Online,weekend,2026-01-29,2026-02-01,10,,New,A Good Fortune,,2026-01-29,,,,,,,,,False,https://www.cinema.com.my/movies/charts.aspx?date=2/1/2026,2026-08-13T07:36:14+00:00
MY,Cinema Online,weekend,2026-02-05,2026-02-08,1,2,,Sampai Titik Terakhirmu,,2026-01-29,,,,,,,,,False,https://www.cinema.com.my/movies/charts.aspx?date=2/8/2026,2026-08-13T07:36:18+00:00
MY,Cinema Online,weekend,2026-02-05,2026-02-08,2,1,,Sunshine Women,,2026-01-15,,,,,,,,,False,https://www.cinema.com.my/movies/charts.aspx?date=2/8/2026,2026-08-13T07:36:18+00:00
MY,Cinema Online,weekend,2026-02-05,2026-02-08,3,3,,Papa Zola The Movie,,2025-12-11,,,,,,,,,False,https://www.cinema.com.my/movies/charts.aspx?date=2/8/2026,2026-08-13T07:36:18+00:00
MY,Cinema Online,weekend,2026-02-05,2026-02-08,4,6,,Send Help,,2026-01-29,,,,,,,,,False,https://www.cinema.com.my/movies/charts.aspx?date=2/8/2026,2026-08-13T07:36:18+00:00
MY,Cinema Online,weekend,2026-02-05,2026-02-08,5,4,,Mercy,,2026-01-29,,,,,,,,,False,https://www.cinema.com.my/movies/charts.aspx?date=2/8/2026,2026-08-13T07:36:18+00:00
MY,Cinema Online,weekend,2026-02-05,2026-02-08,6,8,,Qorin 2,,2026-01-22,,,,,,,,,False,https://www.cinema.com.my/movies/charts.aspx?date=2/8/2026,2026-08-13T07:36:18+00:00
MY,Cinema Online,weekend,2026-02-05,2026-02-08,7,5,,Avatar: Fire And Ash,,2025-12-18,,,,,,,,,False,https://www.cinema.com.my/movies/charts.aspx?date=2/8/2026,2026-08-13T07:36:18+00:00
MY,Cinema Online,weekend,2026-02-05,2026-02-08,8,,New,Whistle,,2026-02-06,,,,,,,,,False,https://www.cinema.com.my/movies/charts.aspx?date=2/8/2026,2026-08-13T07:36:18+00:00
MY,Cinema Online,weekend,2026-02-05,2026-02-08,9,7,,Back To The Past,,2025-12-31,,,,,,,,,False,https://www.cinema.com.my/movies/charts.aspx?date=2/8/2026,2026-08-13T07:36:18+00:00
MY,Cinema Online,weekend,2026-02-05,2026-02-08,10,10,,Shelter,,2026-01-29,,,,,,,,,False,https://www.cinema.com.my/movies/charts.aspx?date=2/8/2026,2026-08-13T07:36:18+00:00
SG,Cinema Online,weekend,2026-02-05,2026-02-08,1,,New,Stray Kids: The dominATE Experience,,2026-02-05,,,,,,,,,False,https://www.cinema.com.my/movies/charts.aspx?date=2/8/2026,2026-08-13T07:36:18+00:00
SG,Cinema Online,weekend,2026-02-05,2026-02-08,2,1,,Avatar: Fire And Ash,,2025-12-18,,,,,,,,,False,https://www.cinema.com.my/movies/charts.aspx?date=2/8/2026,2026-08-13T07:36:18+00:00
SG,Cinema Online,weekend,2026-02-05,2026-02-08,3,2,,Mercy,,2026-01-29,,,,,,,,,False,https://www.cinema.com.my/movies/charts.aspx?date=2/8/2026,2026-08-13T07:36:18+00:00
SG,Cinema Online,weekend,2026-02-05,2026-02-08,4,3,,Sunshine Women,,2026-01-15,,,,,,,,,False,https://www.cinema.com.my/movies/charts.aspx?date=2/8/2026,2026-08-13T07:36:18+00:00
SG,Cinema Online,weekend,2026-02-05,2026-02-08,5,4,,Zootopia 2,,2025-11-27,,,,,,,,,False,https://www.cinema.com.my/movies/charts.aspx?date=2/8/2026,2026-08-13T07:36:18+00:00
SG,Cinema Online,weekend,2026-02-05,2026-02-08,6,5,,Send Help,,2026-01-29,,,,,,,,,False,https://www.cinema.com.my/movies/charts.aspx?date=2/8/2026,2026-08-13T07:36:18+00:00
SG,Cinema Online,weekend,2026-02-05,2026-02-08,7,7,,Rental Family,,2026-01-22,,,,,,,,,False,https://www.cinema.com.my/movies/charts.aspx?date=2/8/2026,2026-08-13T07:36:18+00:00
SG,Cinema Online,weekend,2026-02-05,2026-02-08,8,8,,Hamnet,,2026-01-22,,,,,,,,,False,https://www.cinema.com.my/movies/charts.aspx?date=2/8/2026,2026-08-13T07:36:18+00:00
SG,Cinema Online,weekend,2026-02-05,2026-02-08,9,6,,Mudborn,,2026-01-22,,,,,,,,,False,https://www.cinema.com.my/movies/charts.aspx?date=2/8/2026,2026-08-13T07:36:18+00:00
SG,Cinema Online,weekend,2026-02-05,2026-02-08,10,9,,Back To The Past,,2026-01-01,,,,,,,,,False,https://www.cinema.com.my/movies/charts.aspx?date=2/8/2026,2026-08-13T07:36:18+00:00
MY,Cinema Online,weekend,2026-02-12,2026-02-15,1,1,,Sampai Titik Terakhirmu,,2026-01-29,,,,,,,,,False,https://www.cinema.com.my/movies/charts.aspx?date=2/15/2026,2026-08-13T07:36:21+00:00
MY,Cinema Online,weekend,2026-02-12,2026-02-15,2,2,,Sunshine Women,,2026-01-15,,,,,,,,,False,https://www.cinema.com.my/movies/charts.aspx?date=2/15/2026,2026-08-13T07:36:21+00:00
MY,Cinema Online,weekend,2026-02-12,2026-02-15,3,3,,Papa Zola The Movie,,2025-12-11,,,,,,,,,False,https://www.cinema.com.my/movies/charts.aspx?date=2/15/2026,2026-08-13T07:36:21+00:00
MY,Cinema Online,weekend,2026-02-12,2026-02-15,4,6,,Qorin 2,,2026-01-22,,,,,,,,,False,https://www.cinema.com.my/movies/charts.aspx?date=2/15/2026,2026-08-13T07:36:21+00:00
MY,Cinema Online,weekend,2026-02-12,2026-02-15,5,7,,Avatar: Fire And Ash,,2025-12-18,,,,,,,,,False,https://www.cinema.com.my/movies/charts.aspx?date=2/15/2026,2026-08-13T07:36:21+00:00
MY,Cinema Online,weekend,2026-02-12,2026-02-15,6,4,,Send Help,,2026-01-29,,,,,,,,,False,https://www.cinema.com.my/movies/charts.aspx?date=2/15/2026,2026-08-13T07:36:21+00:00
MY,Cinema Online,weekend,2026-02-12,2026-02-15,7,9,,Back To The Past,,2025-12-31,,,,,,,,,False,https://www.cinema.com.my/movies/charts.aspx?date=2/15/2026,2026-08-13T07:36:21+00:00
MY,Cinema Online,weekend,2026-02-12,2026-02-15,8,5,,Mercy,,2026-01-29,,,,,,,,,False,https://www.cinema.com.my/movies/charts.aspx?date=2/15/2026,2026-08-13T07:36:21+00:00
MY,Cinema Online,weekend,2026-02-12,2026-02-15,9,,New,Wuthering Heights,,2026-02-12,,,,,,,,,False,https://www.cinema.com.my/movies/charts.aspx?date=2/15/2026,2026-08-13T07:36:21+00:00
MY,Cinema Online,weekend,2026-02-12,2026-02-15,10,8,,Whistle,,2026-02-06,,,,,,,,,False,https://www.cinema.com.my/movies/charts.aspx?date=2/15/2026,2026-08-13T07:36:21+00:00
SG,Cinema Online,weekend,2026-02-12,2026-02-15,1,,New,3 Good Guys,,2026-02-12,,,,,,,,,False,https://www.cinema.com.my/movies/charts.aspx?date=2/15/2026,2026-08-13T07:36:21+00:00
SG,Cinema Online,weekend,2026-02-12,2026-02-15,2,,New,Wuthering Heights,,2026-02-12,,,,,,,,,False,https://www.cinema.com.my/movies/charts.aspx?date=2/15/2026,2026-08-13T07:36:21+00:00
SG,Cinema Online,weekend,2026-02-12,2026-02-15,3,2,,Avatar: Fire And Ash,,2025-12-18,,,,,,,,,False,https://www.cinema.com.my/movies/charts.aspx?date=2/15/2026,2026-08-13T07:36:21+00:00
SG,Cinema Online,weekend,2026-02-12,2026-02-15,4,3,,Mercy,,2026-01-29,,,,,,,,,False,https://www.cinema.com.my/movies/charts.aspx?date=2/15/2026,2026-08-13T07:36:21+00:00
SG,Cinema Online,weekend,2026-02-12,2026-02-15,5,4,,Sunshine Women,,2026-01-15,,,,,,,,,False,https://www.cinema.com.my/movies/charts.aspx?date=2/15/2026,2026-08-13T07:36:21+00:00
SG,Cinema Online,weekend,2026-02-12,2026-02-15,6,5,,Zootopia 2,,2025-11-27,,,,,,,,,False,https://www.cinema.com.my/movies/charts.aspx?date=2/15/2026,2026-08-13T07:36:21+00:00
SG,Cinema Online,weekend,2026-02-12,2026-02-15,7,,New,Kung Fu,,2026-02-13,,,,,,,,,False,https://www.cinema.com.my/movies/charts.aspx?date=2/15/2026,2026-08-13T07:36:21+00:00
SG,Cinema Online,weekend,2026-02-12,2026-02-15,8,6,,Send Help,,2026-01-29,,,,,,,,,False,https://www.cinema.com.my/movies/charts.aspx?date=2/15/2026,2026-08-13T07:36:21+00:00
SG,Cinema Online,weekend,2026-02-12,2026-02-15,9,7,,Rental Family,,2026-01-22,,,,,,,,,False,https://www.cinema.com.my/movies/charts.aspx?date=2/15/2026,2026-08-13T07:36:21+00:00
SG,Cinema Online,weekend,2026-02-12,2026-02-15,10,10,,Back To The Past,,2026-01-01,,,,,,,,,False,https://www.cinema.com.my/movies/charts.aspx?date=2/15/2026,2026-08-13T07:36:21+00:00
MY,Cinema Online,weekend,2026-02-19,2026-02-22,1,,New,Blades Of The Guardians,,2026-02-17,,,,,,,,,False,https://www.cinema.com.my/movies/charts.aspx?date=2/22/2026,2026-08-13T07:36:25+00:00
MY,Cinema Online,weekend,2026-02-19,2026-02-22,2,,New,Ah Beng Vs Liang Po Po,,2026-02-17,,,,,,,,,False,https://www.cinema.com.my/movies/charts.aspx?date=2/22/2026,2026-08-13T07:36:25+00:00
MY,Cinema Online,weekend,2026-02-19,2026-02-22,3,,New,Night King,,2026-02-16,,,,,,,,,False,https://www.cinema.com.my/movies/charts.aspx?date=2/22/2026,2026-08-13T07:36:25+00:00
MY,Cinema Online,weekend,2026-02-19,2026-02-22,4,,New,I,,2026-02-17,,,,,,,,,False,https://www.cinema.com.my/movies/charts.aspx?date=2/22/2026,2026-08-13T07:36:25+00:00
MY,Cinema Online,weekend,2026-02-19,2026-02-22,5,,New,Panda Plan: The Magical Tribe,,2026-02-17,,,,,,,,,False,https://www.cinema.com.my/movies/charts.aspx?date=2/22/2026,2026-08-13T07:36:25+00:00
MY,Cinema Online,weekend,2026-02-19,2026-02-22,6,,New,Mama Not Again!,,2026-02-17,,,,,,,,,False,https://www.cinema.com.my/movies/charts.aspx?date=2/22/2026,2026-08-13T07:36:25+00:00
MY,Cinema Online,weekend,2026-02-19,2026-02-22,7,,New,Scare Out,,2026-02-17,,,,,,,,,False,https://www.cinema.com.my/movies/charts.aspx?date=2/22/2026,2026-08-13T07:36:25+00:00
MY,Cinema Online,weekend,2026-02-19,2026-02-22,8,2,,Sunshine Women,,2026-01-15,,,,,,,,,False,https://www.cinema.com.my/movies/charts.aspx?date=2/22/2026,2026-08-13T07:36:25+00:00
MY,Cinema Online,weekend,2026-02-19,2026-02-22,9,1,,Sampai Titik Terakhirmu,,2026-01-29,,,,,,,,,False,https://www.cinema.com.my/movies/charts.aspx?date=2/22/2026,2026-08-13T07:36:25+00:00
MY,Cinema Online,weekend,2026-02-19,2026-02-22,10,,New,Kung Fu,,2026-02-16,,,,,,,,,False,https://www.cinema.com.my/movies/charts.aspx?date=2/22/2026,2026-08-13T07:36:25+00:00
SG,Cinema Online,weekend,2026-02-19,2026-02-22,1,,New,Liang Po Po Vs Ah Beng,,2026-02-17,,,,,,,,,False,https://www.cinema.com.my/movies/charts.aspx?date=2/22/2026,2026-08-13T07:36:25+00:00
SG,Cinema Online,weekend,2026-02-19,2026-02-22,2,,New,Blades Of The Guardians,,2026-02-17,,,,,,,,,False,https://www.cinema.com.my/movies/charts.aspx?date=2/22/2026,2026-08-13T07:36:25+00:00
SG,Cinema Online,weekend,2026-02-19,2026-02-22,3,,New,Luck My Life,,2026-02-17,,,,,,,,,False,https://www.cinema.com.my/movies/charts.aspx?date=2/22/2026,2026-08-13T07:36:25+00:00
SG,Cinema Online,weekend,2026-02-19,2026-02-22,4,,New,Panda Plan: The Magical Tribe,,2026-02-17,,,,,,,,,False,https://www.cinema.com.my/movies/charts.aspx?date=2/22/2026,2026-08-13T07:36:25+00:00
SG,Cinema Online,weekend,2026-02-19,2026-02-22,5,,New,Goat,,2026-02-17,,,,,,,,,False,https://www.cinema.com.my/movies/charts.aspx?date=2/22/2026,2026-08-13T07:36:25+00:00
SG,Cinema Online,weekend,2026-02-19,2026-02-22,6,1,,3 Good Guys,,2026-02-12,,,,,,,,,False,https://www.cinema.com.my/movies/charts.aspx?date=2/22/2026,2026-08-13T07:36:25+00:00
SG,Cinema Online,weekend,2026-02-19,2026-02-22,7,,New,Scare Out,,2026-02-17,,,,,,,,,False,https://www.cinema.com.my/movies/charts.aspx?date=2/22/2026,2026-08-13T07:36:25+00:00
SG,Cinema Online,weekend,2026-02-19,2026-02-22,8,2,,Wuthering Heights,,2026-02-12,,,,,,,,,False,https://www.cinema.com.my/movies/charts.aspx?date=2/22/2026,2026-08-13T07:36:25+00:00
SG,Cinema Online,weekend,2026-02-19,2026-02-22,9,,New,Night King,,2026-02-16,,,,,,,,,False,https://www.cinema.com.my/movies/charts.aspx?date=2/22/2026,2026-08-13T07:36:25+00:00
SG,Cinema Online,weekend,2026-02-19,2026-02-22,10,,New,Shelter,,2026-02-17,,,,,,,,,False,https://www.cinema.com.my/movies/charts.aspx?date=2/22/2026,2026-08-13T07:36:25+00:00
MY,Cinema Online,weekend,2026-02-26,2026-03-01,1,1,,Blades Of The Guardians,,2026-02-17,,,,,,,,,False,https://www.cinema.com.my/movies/charts.aspx?date=3/1/2026,2026-08-13T07:36:30+00:00
MY,Cinema Online,weekend,2026-02-26,2026-03-01,2,3,,Night King,,2026-02-16,,,,,,,,,False,https://www.cinema.com.my/movies/charts.aspx?date=3/1/2026,2026-08-13T07:36:30+00:00
MY,Cinema Online,weekend,2026-02-26,2026-03-01,3,4,,I,,2026-02-17,,,,,,,,,False,https://www.cinema.com.my/movies/charts.aspx?date=3/1/2026,2026-08-13T07:36:30+00:00
MY,Cinema Online,weekend,2026-02-26,2026-03-01,4,2,,Ah Beng Vs Liang Po Po,,2026-02-17,,,,,,,,,False,https://www.cinema.com.my/movies/charts.aspx?date=3/1/2026,2026-08-13T07:36:30+00:00
MY,Cinema Online,weekend,2026-02-26,2026-03-01,5,,New,Thaai Kizhavi,,2026-02-27,,,,,,,,,False,https://www.cinema.com.my/movies/charts.aspx?date=3/1/2026,2026-08-13T07:36:30+00:00
MY,Cinema Online,weekend,2026-02-26,2026-03-01,6,5,,Panda Plan: The Magical Tribe,,2026-02-17,,,,,,,,,False,https://www.cinema.com.my/movies/charts.aspx?date=3/1/2026,2026-08-13T07:36:30+00:00
MY,Cinema Online,weekend,2026-02-26,2026-03-01,7,6,,Mama Not Again!,,2026-02-17,,,,,,,,,False,https://www.cinema.com.my/movies/charts.aspx?date=3/1/2026,2026-08-13T07:36:30+00:00
MY,Cinema Online,weekend,2026-02-26,2026-03-01,8,,New,Crime 101,,2026-02-26,,,,,,,,,False,https://www.cinema.com.my/movies/charts.aspx?date=3/1/2026,2026-08-13T07:36:30+00:00
MY,Cinema Online,weekend,2026-02-26,2026-03-01,9,,New,Iron Lung,,2026-02-26,,,,,,,,,False,https://www.cinema.com.my/movies/charts.aspx?date=3/1/2026,2026-08-13T07:36:30+00:00
MY,Cinema Online,weekend,2026-02-26,2026-03-01,10,7,,Scare Out,,2026-02-17,,,,,,,,,False,https://www.cinema.com.my/movies/charts.aspx?date=3/1/2026,2026-08-13T07:36:30+00:00
SG,Cinema Online,weekend,2026-02-26,2026-03-01,1,2,,Blades Of The Guardians,,2026-02-17,,,,,,,,,False,https://www.cinema.com.my/movies/charts.aspx?date=3/1/2026,2026-08-13T07:36:30+00:00
SG,Cinema Online,weekend,2026-02-26,2026-03-01,2,1,,Liang Po Po Vs Ah Beng,,2026-02-17,,,,,,,,,False,https://www.cinema.com.my/movies/charts.aspx?date=3/1/2026,2026-08-13T07:36:30+00:00
SG,Cinema Online,weekend,2026-02-26,2026-03-01,3,3,,Luck My Life,,2026-02-17,,,,,,,,,False,https://www.cinema.com.my/movies/charts.aspx?date=3/1/2026,2026-08-13T07:36:30+00:00
SG,Cinema Online,weekend,2026-02-26,2026-03-01,4,,New,Crime 101,,2026-02-26,,,,,,,,,False,https://www.cinema.com.my/movies/charts.aspx?date=3/1/2026,2026-08-13T07:36:30+00:00
SG,Cinema Online,weekend,2026-02-26,2026-03-01,5,5,,Goat,,2026-02-17,,,,,,,,,False,https://www.cinema.com.my/movies/charts.aspx?date=3/1/2026,2026-08-13T07:36:30+00:00
SG,Cinema Online,weekend,2026-02-26,2026-03-01,6,4,,Panda Plan: The Magical Tribe,,2026-02-17,,,,,,,,,False,https://www.cinema.com.my/movies/charts.aspx?date=3/1/2026,2026-08-13T07:36:30+00:00
SG,Cinema Online,weekend,2026-02-26,2026-03-01,7,,New,Marty Supreme,,2026-02-26,,,,,,,,,False,https://www.cinema.com.my/movies/charts.aspx?date=3/1/2026,2026-08-13T07:36:30+00:00
SG,Cinema Online,weekend,2026-02-26,2026-03-01,8,9,,Night King,,2026-02-16,,,,,,,,,False,https://www.cinema.com.my/movies/charts.aspx?date=3/1/2026,2026-08-13T07:36:30+00:00
SG,Cinema Online,weekend,2026-02-26,2026-03-01,9,6,,3 Good Guys,,2026-02-12,,,,,,,,,False,https://www.cinema.com.my/movies/charts.aspx?date=3/1/2026,2026-08-13T07:36:30+00:00
SG,Cinema Online,weekend,2026-02-26,2026-03-01,10,,New,I,,2026-02-26,,,,,,,,,False,https://www.cinema.com.my/movies/charts.aspx?date=3/1/2026,2026-08-13T07:36:30+00:00
MY,Cinema Online,weekend,2026-03-05,2026-03-08,1,1,,Blades Of The Guardians,,2026-02-17,,,,,,,,,False,https://www.cinema.com.my/movies/charts.aspx?date=3/8/2026,2026-08-13T07:36:34+00:00
MY,Cinema Online,weekend,2026-03-05,2026-03-08,2,2,,Night King,,2026-02-16,,,,,,,,,False,https://www.cinema.com.my/movies/charts.aspx?date=3/8/2026,2026-08-13T07:36:34+00:00
MY,Cinema Online,weekend,2026-03-05,2026-03-08,3,5,,Thaai Kizhavi,,2026-02-27,,,,,,,,,False,https://www.cinema.com.my/movies/charts.aspx?date=3/8/2026,2026-08-13T07:36:34+00:00
MY,Cinema Online,weekend,2026-03-05,2026-03-08,4,,New,Veera Karrupu,,2026-03-05,,,,,,,,,False,https://www.cinema.com.my/movies/charts.aspx?date=3/8/2026,2026-08-13T07:36:34+00:00
MY,Cinema Online,weekend,2026-03-05,2026-03-08,5,,New,Scream 7,,2026-03-05,,,,,,,,,False,https://www.cinema.com.my/movies/charts.aspx?date=3/8/2026,2026-08-13T07:36:34+00:00
MY,Cinema Online,weekend,2026-03-05,2026-03-08,6,3,,I,,2026-02-17,,,,,,,,,False,https://www.cinema.com.my/movies/charts.aspx?date=3/8/2026,2026-08-13T07:36:34+00:00
MY,Cinema Online,weekend,2026-03-05,2026-03-08,7,,New,Boonie Bears: The Hidden Protector,,2026-03-05,,,,,,,,,False,https://www.cinema.com.my/movies/charts.aspx?date=3/8/2026,2026-08-13T07:36:34+00:00
MY,Cinema Online,weekend,2026-03-05,2026-03-08,8,4,,Ah Beng Vs Liang Po Po,,2026-02-17,,,,,,,,,False,https://www.cinema.com.my/movies/charts.aspx?date=3/8/2026,2026-08-13T07:36:34+00:00
MY,Cinema Online,weekend,2026-03-05,2026-03-08,9,,New,The Lord Of The Rings: Fellowship Of The Ring (Extended Version),,2026-03-05,,,,,,,,,False,https://www.cinema.com.my/movies/charts.aspx?date=3/8/2026,2026-08-13T07:36:34+00:00
MY,Cinema Online,weekend,2026-03-05,2026-03-08,10,8,,Crime 101,,2026-02-26,,,,,,,,,False,https://www.cinema.com.my/movies/charts.aspx?date=3/8/2026,2026-08-13T07:36:34+00:00
SG,Cinema Online,weekend,2026-03-05,2026-03-08,1,1,,Blades Of The Guardians,,2026-02-17,,,,,,,,,False,https://www.cinema.com.my/movies/charts.aspx?date=3/8/2026,2026-08-13T07:36:34+00:00
SG,Cinema Online,weekend,2026-03-05,2026-03-08,2,2,,Liang Po Po Vs Ah Beng,,2026-02-17,,,,,,,,,False,https://www.cinema.com.my/movies/charts.aspx?date=3/8/2026,2026-08-13T07:36:34+00:00
SG,Cinema Online,weekend,2026-03-05,2026-03-08,3,,New,Scream 7,,2026-03-05,,,,,,,,,False,https://www.cinema.com.my/movies/charts.aspx?date=3/8/2026,2026-08-13T07:36:34+00:00
SG,Cinema Online,weekend,2026-03-05,2026-03-08,4,4,,Crime 101,,2026-02-26,,,,,,,,,False,https://www.cinema.com.my/movies/charts.aspx?date=3/8/2026,2026-08-13T07:36:34+00:00
SG,Cinema Online,weekend,2026-03-05,2026-03-08,5,5,,Goat,,2026-02-17,,,,,,,,,False,https://www.cinema.com.my/movies/charts.aspx?date=3/8/2026,2026-08-13T07:36:34+00:00
SG,Cinema Online,weekend,2026-03-05,2026-03-08,6,,New,Iron Lung,,2026-03-05,,,,,,,,,False,https://www.cinema.com.my/movies/charts.aspx?date=3/8/2026,2026-08-13T07:36:34+00:00
SG,Cinema Online,weekend,2026-03-05,2026-03-08,7,3,,Luck My Life,,2026-02-17,,,,,,,,,False,https://www.cinema.com.my/movies/charts.aspx?date=3/8/2026,2026-08-13T07:36:34+00:00
SG,Cinema Online,weekend,2026-03-05,2026-03-08,8,7,,Marty Supreme,,2026-02-26,,,,,,,,,False,https://www.cinema.com.my/movies/charts.aspx?date=3/8/2026,2026-08-13T07:36:34+00:00
SG,Cinema Online,weekend,2026-03-05,2026-03-08,9,9,,3 Good Guys,,2026-02-12,,,,,,,,,False,https://www.cinema.com.my/movies/charts.aspx?date=3/8/2026,2026-08-13T07:36:34+00:00
SG,Cinema Online,weekend,2026-03-05,2026-03-08,10,6,,Panda Plan: The Magical Tribe,,2026-02-17,,,,,,,,,False,https://www.cinema.com.my/movies/charts.aspx?date=3/8/2026,2026-08-13T07:36:34+00:00
MY,Cinema Online,weekend,2026-03-12,2026-03-15,1,,New,Hoppers,,2026-03-19,,,,,,,,,False,https://www.cinema.com.my/movies/charts.aspx?date=3/15/2026,2026-08-13T07:36:38+00:00
MY,Cinema Online,weekend,2026-03-12,2026-03-15,2,1,,Blades Of The Guardians,,2026-02-17,,,,,,,,,False,https://www.cinema.com.my/movies/charts.aspx?date=3/15/2026,2026-08-13T07:36:38+00:00
MY,Cinema Online,weekend,2026-03-12,2026-03-15,3,4,,Veera Karrupu,,2026-03-05,,,,,,,,,False,https://www.cinema.com.my/movies/charts.aspx?date=3/15/2026,2026-08-13T07:36:38+00:00
MY,Cinema Online,weekend,2026-03-12,2026-03-15,4,2,,Night King,,2026-02-16,,,,,,,,,False,https://www.cinema.com.my/movies/charts.aspx?date=3/15/2026,2026-08-13T07:36:38+00:00
MY,Cinema Online,weekend,2026-03-12,2026-03-15,5,3,,Thaai Kizhavi,,2026-02-27,,,,,,,,,False,https://www.cinema.com.my/movies/charts.aspx?date=3/15/2026,2026-08-13T07:36:38+00:00
MY,Cinema Online,weekend,2026-03-12,2026-03-15,6,5,,Scream 7,,2026-03-05,,,,,,,,,False,https://www.cinema.com.my/movies/charts.aspx?date=3/15/2026,2026-08-13T07:36:38+00:00
MY,Cinema Online,weekend,2026-03-12,2026-03-15,7,,New,The Lord Of The Rings: The Two Towers (Extended Version),,2026-03-12,,,,,,,,,False,https://www.cinema.com.my/movies/charts.aspx?date=3/15/2026,2026-08-13T07:36:38+00:00
MY,Cinema Online,weekend,2026-03-12,2026-03-15,8,7,,Boonie Bears: The Hidden Protector,,2026-03-05,,,,,,,,,False,https://www.cinema.com.my/movies/charts.aspx?date=3/15/2026,2026-08-13T07:36:38+00:00
MY,Cinema Online,weekend,2026-03-12,2026-03-15,9,6,,I,,2026-02-17,,,,,,,,,False,https://www.cinema.com.my/movies/charts.aspx?date=3/15/2026,2026-08-13T07:36:38+00:00
MY,Cinema Online,weekend,2026-03-12,2026-03-15,10,8,,Ah Beng Vs Liang Po Po,,2026-02-17,,,,,,,,,False,https://www.cinema.com.my/movies/charts.aspx?date=3/15/2026,2026-08-13T07:36:38+00:00
SG,Cinema Online,weekend,2026-03-12,2026-03-15,1,,New,Hoppers,,2026-03-12,,,,,,,,,False,https://www.cinema.com.my/movies/charts.aspx?date=3/15/2026,2026-08-13T07:36:38+00:00
SG,Cinema Online,weekend,2026-03-12,2026-03-15,2,1,,Blades Of The Guardians,,2026-02-17,,,,,,,,,False,https://www.cinema.com.my/movies/charts.aspx?date=3/15/2026,2026-08-13T07:36:38+00:00
SG,Cinema Online,weekend,2026-03-12,2026-03-15,3,2,,Liang Po Po Vs Ah Beng,,2026-02-17,,,,,,,,,False,https://www.cinema.com.my/movies/charts.aspx?date=3/15/2026,2026-08-13T07:36:38+00:00
SG,Cinema Online,weekend,2026-03-12,2026-03-15,4,3,,Scream 7,,2026-03-05,,,,,,,,,False,https://www.cinema.com.my/movies/charts.aspx?date=3/15/2026,2026-08-13T07:36:38+00:00
SG,Cinema Online,weekend,2026-03-12,2026-03-15,5,4,,Crime 101,,2026-02-26,,,,,,,,,False,https://www.cinema.com.my/movies/charts.aspx?date=3/15/2026,2026-08-13T07:36:38+00:00
SG,Cinema Online,weekend,2026-03-12,2026-03-15,6,7,,Luck My Life,,2026-02-17,,,,,,,,,False,https://www.cinema.com.my/movies/charts.aspx?date=3/15/2026,2026-08-13T07:36:38+00:00
SG,Cinema Online,weekend,2026-03-12,2026-03-15,7,5,,Goat,,2026-02-17,,,,,,,,,False,https://www.cinema.com.my/movies/charts.aspx?date=3/15/2026,2026-08-13T07:36:38+00:00
SG,Cinema Online,weekend,2026-03-12,2026-03-15,8,6,,Iron Lung,,2026-03-05,,,,,,,,,False,https://www.cinema.com.my/movies/charts.aspx?date=3/15/2026,2026-08-13T07:36:38+00:00
SG,Cinema Online,weekend,2026-03-12,2026-03-15,9,8,,Marty Supreme,,2026-02-26,,,,,,,,,False,https://www.cinema.com.my/movies/charts.aspx?date=3/15/2026,2026-08-13T07:36:38+00:00
SG,Cinema Online,weekend,2026-03-12,2026-03-15,10,,New,Nuremberg,,2026-03-12,,,,,,,,,False,https://www.cinema.com.my/movies/charts.aspx?date=3/15/2026,2026-08-13T07:36:38+00:00
MY,Cinema Online,weekend,2026-03-19,2026-03-22,1,1,,Hoppers,,2026-03-19,,,,,,,,,False,https://www.cinema.com.my/movies/charts.aspx?date=3/22/2026,2026-08-13T07:36:42+00:00
MY,Cinema Online,weekend,2026-03-19,2026-03-22,2,,New,Kong Tao,,2026-03-19,,,,,,,,,False,https://www.cinema.com.my/movies/charts.aspx?date=3/22/2026,2026-08-13T07:36:42+00:00
MY,Cinema Online,weekend,2026-03-19,2026-03-22,3,,New,Dhurandhar: The Revenge,,2026-03-19,,,,,,,,,False,https://www.cinema.com.my/movies/charts.aspx?date=3/22/2026,2026-08-13T07:36:42+00:00
MY,Cinema Online,weekend,2026-03-19,2026-03-22,4,,New,Project Hail Mary,,2026-03-26,,,,,,,,,False,https://www.cinema.com.my/movies/charts.aspx?date=3/22/2026,2026-08-13T07:36:42+00:00
MY,Cinema Online,weekend,2026-03-19,2026-03-22,5,,New,Goat,,2026-03-19,,,,,,,,,False,https://www.cinema.com.my/movies/charts.aspx?date=3/22/2026,2026-08-13T07:36:42+00:00
MY,Cinema Online,weekend,2026-03-19,2026-03-22,6,,New,Youth,,2026-03-19,,,,,,,,,False,https://www.cinema.com.my/movies/charts.aspx?date=3/22/2026,2026-08-13T07:36:42+00:00
MY,Cinema Online,weekend,2026-03-19,2026-03-22,7,,New,Ready Or Not 2: Here I Come,,2026-03-19,,,,,,,,,False,https://www.cinema.com.my/movies/charts.aspx?date=3/22/2026,2026-08-13T07:36:42+00:00
MY,Cinema Online,weekend,2026-03-19,2026-03-22,8,,New,Ultimate Revenge,,2026-03-19,,,,,,,,,False,https://www.cinema.com.my/movies/charts.aspx?date=3/22/2026,2026-08-13T07:36:42+00:00
MY,Cinema Online,weekend,2026-03-19,2026-03-22,9,2,,Blades Of The Guardians,,2026-02-17,,,,,,,,,False,https://www.cinema.com.my/movies/charts.aspx?date=3/22/2026,2026-08-13T07:36:42+00:00
MY,Cinema Online,weekend,2026-03-19,2026-03-22,10,5,,Thaai Kizhavi,,2026-02-27,,,,,,,,,False,https://www.cinema.com.my/movies/charts.aspx?date=3/22/2026,2026-08-13T07:36:42+00:00
SG,Cinema Online,weekend,2026-03-19,2026-03-22,1,1,,Hoppers,,2026-03-12,,,,,,,,,False,https://www.cinema.com.my/movies/charts.aspx?date=3/22/2026,2026-08-13T07:36:42+00:00
SG,Cinema Online,weekend,2026-03-19,2026-03-22,2,,New,Project Hail Mary,,2026-03-19,,,,,,,,,False,https://www.cinema.com.my/movies/charts.aspx?date=3/22/2026,2026-08-13T07:36:42+00:00
SG,Cinema Online,weekend,2026-03-19,2026-03-22,3,,New,Kong Tao,,2026-03-19,,,,,,,,,False,https://www.cinema.com.my/movies/charts.aspx?date=3/22/2026,2026-08-13T07:36:42+00:00
SG,Cinema Online,weekend,2026-03-19,2026-03-22,4,2,,Blades Of The Guardians,,2026-02-17,,,,,,,,,False,https://www.cinema.com.my/movies/charts.aspx?date=3/22/2026,2026-08-13T07:36:42+00:00
SG,Cinema Online,weekend,2026-03-19,2026-03-22,5,7,,Goat,,2026-02-17,,,,,,,,,False,https://www.cinema.com.my/movies/charts.aspx?date=3/22/2026,2026-08-13T07:36:42+00:00
SG,Cinema Online,weekend,2026-03-19,2026-03-22,6,3,,Liang Po Po Vs Ah Beng,,2026-02-17,,,,,,,,,False,https://www.cinema.com.my/movies/charts.aspx?date=3/22/2026,2026-08-13T07:36:42+00:00
SG,Cinema Online,weekend,2026-03-19,2026-03-22,7,4,,Scream 7,,2026-03-05,,,,,,,,,False,https://www.cinema.com.my/movies/charts.aspx?date=3/22/2026,2026-08-13T07:36:42+00:00
SG,Cinema Online,weekend,2026-03-19,2026-03-22,8,9,,Marty Supreme,,2026-02-26,,,,,,,,,False,https://www.cinema.com.my/movies/charts.aspx?date=3/22/2026,2026-08-13T07:36:42+00:00
SG,Cinema Online,weekend,2026-03-19,2026-03-22,9,10,,Nuremberg,,2026-03-12,,,,,,,,,False,https://www.cinema.com.my/movies/charts.aspx?date=3/22/2026,2026-08-13T07:36:42+00:00
SG,Cinema Online,weekend,2026-03-19,2026-03-22,10,,New,How To Make A Killing,,2026-03-19,,,,,,,,,False,https://www.cinema.com.my/movies/charts.aspx?date=3/22/2026,2026-08-13T07:36:42+00:00
MY,Cinema Online,weekend,2026-03-26,2026-03-29,1,,New,Malaikat Malam,,2026-03-26,,,,,,,,,False,https://www.cinema.com.my/movies/charts.aspx?date=3/29/2026,2026-08-13T07:36:46+00:00
MY,Cinema Online,weekend,2026-03-26,2026-03-29,2,4,,Project Hail Mary,,2026-03-26,,,,,,,,,False,https://www.cinema.com.my/movies/charts.aspx?date=3/29/2026,2026-08-13T07:36:46+00:00
MY,Cinema Online,weekend,2026-03-26,2026-03-29,3,1,,Hoppers,,2026-03-19,,,,,,,,,False,https://www.cinema.com.my/movies/charts.aspx?date=3/29/2026,2026-08-13T07:36:46+00:00
MY,Cinema Online,weekend,2026-03-26,2026-03-29,4,2,,Kong Tao,,2026-03-19,,,,,,,,,False,https://www.cinema.com.my/movies/charts.aspx?date=3/29/2026,2026-08-13T07:36:46+00:00
MY,Cinema Online,weekend,2026-03-26,2026-03-29,5,,New,Pegasus 3,,2026-03-26,,,,,,,,,False,https://www.cinema.com.my/movies/charts.aspx?date=3/29/2026,2026-08-13T07:36:46+00:00
MY,Cinema Online,weekend,2026-03-26,2026-03-29,6,,New,Suzzanna: Santet Dosa Di Atas Dosa,,2026-03-25,,,,,,,,,False,https://www.cinema.com.my/movies/charts.aspx?date=3/29/2026,2026-08-13T07:36:46+00:00
MY,Cinema Online,weekend,2026-03-26,2026-03-29,7,7,,Ready Or Not 2: Here I Come,,2026-03-19,,,,,,,,,False,https://www.cinema.com.my/movies/charts.aspx?date=3/29/2026,2026-08-13T07:36:46+00:00
MY,Cinema Online,weekend,2026-03-26,2026-03-29,8,5,,Goat,,2026-03-19,,,,,,,,,False,https://www.cinema.com.my/movies/charts.aspx?date=3/29/2026,2026-08-13T07:36:46+00:00
MY,Cinema Online,weekend,2026-03-26,2026-03-29,9,,New,Sengkolo: Petaka Satu Suro,,2026-03-26,,,,,,,,,False,https://www.cinema.com.my/movies/charts.aspx?date=3/29/2026,2026-08-13T07:36:46+00:00
MY,Cinema Online,weekend,2026-03-26,2026-03-29,10,3,,Dhurandhar: The Revenge,,2026-03-19,,,,,,,,,False,https://www.cinema.com.my/movies/charts.aspx?date=3/29/2026,2026-08-13T07:36:46+00:00
SG,Cinema Online,weekend,2026-03-26,2026-03-29,1,2,,Project Hail Mary,,2026-03-19,,,,,,,,,False,https://www.cinema.com.my/movies/charts.aspx?date=3/29/2026,2026-08-13T07:36:46+00:00
SG,Cinema Online,weekend,2026-03-26,2026-03-29,2,1,,Hoppers,,2026-03-12,,,,,,,,,False,https://www.cinema.com.my/movies/charts.aspx?date=3/29/2026,2026-08-13T07:36:46+00:00
SG,Cinema Online,weekend,2026-03-26,2026-03-29,3,,New,Pegasus 3,,2026-03-26,,,,,,,,,False,https://www.cinema.com.my/movies/charts.aspx?date=3/29/2026,2026-08-13T07:36:46+00:00
SG,Cinema Online,weekend,2026-03-26,2026-03-29,4,3,,Kong Tao,,2026-03-19,,,,,,,,,False,https://www.cinema.com.my/movies/charts.aspx?date=3/29/2026,2026-08-13T07:36:46+00:00
SG,Cinema Online,weekend,2026-03-26,2026-03-29,5,,New,Ready Or Not 2: Here I Come,,2026-03-26,,,,,,,,,False,https://www.cinema.com.my/movies/charts.aspx?date=3/29/2026,2026-08-13T07:36:46+00:00
SG,Cinema Online,weekend,2026-03-26,2026-03-29,6,,New,The Magic Faraway Tree,,2026-03-27,,,,,,,,,False,https://www.cinema.com.my/movies/charts.aspx?date=3/29/2026,2026-08-13T07:36:46+00:00
SG,Cinema Online,weekend,2026-03-26,2026-03-29,7,4,,Blades Of The Guardians,,2026-02-17,,,,,,,,,False,https://www.cinema.com.my/movies/charts.aspx?date=3/29/2026,2026-08-13T07:36:46+00:00
SG,Cinema Online,weekend,2026-03-26,2026-03-29,8,,New,They Will Kill You,,2026-03-26,,,,,,,,,False,https://www.cinema.com.my/movies/charts.aspx?date=3/29/2026,2026-08-13T07:36:46+00:00
SG,Cinema Online,weekend,2026-03-26,2026-03-29,9,6,,Liang Po Po Vs Ah Beng,,2026-02-17,,,,,,,,,False,https://www.cinema.com.my/movies/charts.aspx?date=3/29/2026,2026-08-13T07:36:46+00:00
SG,Cinema Online,weekend,2026-03-26,2026-03-29,10,5,,Goat,,2026-02-17,,,,,,,,,False,https://www.cinema.com.my/movies/charts.aspx?date=3/29/2026,2026-08-13T07:36:46+00:00
MY,Cinema Online,weekend,2026-04-02,2026-04-05,1,,New,The Super Mario Galaxy Movie,,2026-04-01,,,,,,,,,False,https://www.cinema.com.my/movies/charts.aspx?date=4/5/2026,2026-08-13T07:36:50+00:00
MY,Cinema Online,weekend,2026-04-02,2026-04-05,2,1,,Malaikat Malam,,2026-03-26,,,,,,,,,False,https://www.cinema.com.my/movies/charts.aspx?date=4/5/2026,2026-08-13T07:36:50+00:00
MY,Cinema Online,weekend,2026-04-02,2026-04-05,3,2,,Project Hail Mary,,2026-03-26,,,,,,,,,False,https://www.cinema.com.my/movies/charts.aspx?date=4/5/2026,2026-08-13T07:36:50+00:00
MY,Cinema Online,weekend,2026-04-02,2026-04-05,4,,New,Mikael: Pemburu Dua Alam,,2026-04-02,,,,,,,,,False,https://www.cinema.com.my/movies/charts.aspx?date=4/5/2026,2026-08-13T07:36:50+00:00
MY,Cinema Online,weekend,2026-04-02,2026-04-05,5,3,,Hoppers,,2026-03-19,,,,,,,,,False,https://www.cinema.com.my/movies/charts.aspx?date=4/5/2026,2026-08-13T07:36:50+00:00
MY,Cinema Online,weekend,2026-04-02,2026-04-05,6,9,,Sengkolo: Petaka Satu Suro,,2026-03-26,,,,,,,,,False,https://www.cinema.com.my/movies/charts.aspx?date=4/5/2026,2026-08-13T07:36:50+00:00
MY,Cinema Online,weekend,2026-04-02,2026-04-05,7,5,,Pegasus 3,,2026-03-26,,,,,,,,,False,https://www.cinema.com.my/movies/charts.aspx?date=4/5/2026,2026-08-13T07:36:50+00:00
MY,Cinema Online,weekend,2026-04-02,2026-04-05,8,,New,Super Junior 20th Anniversary Tour [Super Show 10] SJ-CORE In Cinemas,,2026-04-04,,,,,,,,,False,https://www.cinema.com.my/movies/charts.aspx?date=4/5/2026,2026-08-13T07:36:50+00:00
MY,Cinema Online,weekend,2026-04-02,2026-04-05,9,6,,Suzzanna: Santet Dosa Di Atas Dosa,,2026-03-25,,,,,,,,,False,https://www.cinema.com.my/movies/charts.aspx?date=4/5/2026,2026-08-13T07:36:50+00:00
MY,Cinema Online,weekend,2026-04-02,2026-04-05,10,7,,Ready Or Not 2: Here I Come,,2026-03-19,,,,,,,,,False,https://www.cinema.com.my/movies/charts.aspx?date=4/5/2026,2026-08-13T07:36:50+00:00
SG,Cinema Online,weekend,2026-04-02,2026-04-05,1,,New,The Super Mario Galaxy Movie,,2026-04-01,,,,,,,,,False,https://www.cinema.com.my/movies/charts.aspx?date=4/5/2026,2026-08-13T07:36:50+00:00
SG,Cinema Online,weekend,2026-04-02,2026-04-05,2,1,,Project Hail Mary,,2026-03-19,,,,,,,,,False,https://www.cinema.com.my/movies/charts.aspx?date=4/5/2026,2026-08-13T07:36:50+00:00
SG,Cinema Online,weekend,2026-04-02,2026-04-05,3,2,,Hoppers,,2026-03-12,,,,,,,,,False,https://www.cinema.com.my/movies/charts.aspx?date=4/5/2026,2026-08-13T07:36:50+00:00
SG,Cinema Online,weekend,2026-04-02,2026-04-05,4,4,,Kong Tao,,2026-03-19,,,,,,,,,False,https://www.cinema.com.my/movies/charts.aspx?date=4/5/2026,2026-08-13T07:36:50+00:00
SG,Cinema Online,weekend,2026-04-02,2026-04-05,5,3,,Pegasus 3,,2026-03-26,,,,,,,,,False,https://www.cinema.com.my/movies/charts.aspx?date=4/5/2026,2026-08-13T07:36:50+00:00
SG,Cinema Online,weekend,2026-04-02,2026-04-05,6,5,,Ready Or Not 2: Here I Come,,2026-03-26,,,,,,,,,False,https://www.cinema.com.my/movies/charts.aspx?date=4/5/2026,2026-08-13T07:36:50+00:00
SG,Cinema Online,weekend,2026-04-02,2026-04-05,7,6,,The Magic Faraway Tree,,2026-03-27,,,,,,,,,False,https://www.cinema.com.my/movies/charts.aspx?date=4/5/2026,2026-08-13T07:36:50+00:00
SG,Cinema Online,weekend,2026-04-02,2026-04-05,8,7,,Blades Of The Guardians,,2026-02-17,,,,,,,,,False,https://www.cinema.com.my/movies/charts.aspx?date=4/5/2026,2026-08-13T07:36:50+00:00
SG,Cinema Online,weekend,2026-04-02,2026-04-05,9,,New,Per Aspera Ad Astra,,2026-04-02,,,,,,,,,False,https://www.cinema.com.my/movies/charts.aspx?date=4/5/2026,2026-08-13T07:36:50+00:00
SG,Cinema Online,weekend,2026-04-02,2026-04-05,10,10,,Goat,,2026-02-17,,,,,,,,,False,https://www.cinema.com.my/movies/charts.aspx?date=4/5/2026,2026-08-13T07:36:50+00:00
MY,Cinema Online,weekend,2026-04-09,2026-04-12,1,1,,The Super Mario Galaxy Movie,,2026-04-01,,,,,,,,,False,https://www.cinema.com.my/movies/charts.aspx?date=4/12/2026,2026-08-13T07:36:54+00:00
MY,Cinema Online,weekend,2026-04-09,2026-04-12,2,,New,LIK: Love Insurance Kompany,,2026-04-10,,,,,,,,,False,https://www.cinema.com.my/movies/charts.aspx?date=4/12/2026,2026-08-13T07:36:54+00:00
MY,Cinema Online,weekend,2026-04-09,2026-04-12,3,,New,Gayong 2,,2026-04-09,,,,,,,,,False,https://www.cinema.com.my/movies/charts.aspx?date=4/12/2026,2026-08-13T07:36:54+00:00
MY,Cinema Online,weekend,2026-04-09,2026-04-12,4,,New,BTS World Tour,,2026-04-11,,,,,,,,,False,https://www.cinema.com.my/movies/charts.aspx?date=4/12/2026,2026-08-13T07:36:54+00:00
MY,Cinema Online,weekend,2026-04-09,2026-04-12,5,3,,Project Hail Mary,,2026-03-26,,,,,,,,,False,https://www.cinema.com.my/movies/charts.aspx?date=4/12/2026,2026-08-13T07:36:54+00:00
MY,Cinema Online,weekend,2026-04-09,2026-04-12,6,2,,Malaikat Malam,,2026-03-26,,,,,,,,,False,https://www.cinema.com.my/movies/charts.aspx?date=4/12/2026,2026-08-13T07:36:54+00:00
MY,Cinema Online,weekend,2026-04-09,2026-04-12,7,4,,Mikael: Pemburu Dua Alam,,2026-04-02,,,,,,,,,False,https://www.cinema.com.my/movies/charts.aspx?date=4/12/2026,2026-08-13T07:36:54+00:00
MY,Cinema Online,weekend,2026-04-09,2026-04-12,8,,New,Alas Roban,,2026-04-09,,,,,,,,,False,https://www.cinema.com.my/movies/charts.aspx?date=4/12/2026,2026-08-13T07:36:54+00:00
MY,Cinema Online,weekend,2026-04-09,2026-04-12,9,6,,Sengkolo: Petaka Satu Suro,,2026-03-26,,,,,,,,,False,https://www.cinema.com.my/movies/charts.aspx?date=4/12/2026,2026-08-13T07:36:54+00:00
MY,Cinema Online,weekend,2026-04-09,2026-04-12,10,5,,Hoppers,,2026-03-19,,,,,,,,,False,https://www.cinema.com.my/movies/charts.aspx?date=4/12/2026,2026-08-13T07:36:54+00:00
SG,Cinema Online,weekend,2026-04-09,2026-04-12,1,1,,The Super Mario Galaxy Movie,,2026-04-01,,,,,,,,,False,https://www.cinema.com.my/movies/charts.aspx?date=4/12/2026,2026-08-13T07:36:54+00:00
SG,Cinema Online,weekend,2026-04-09,2026-04-12,2,2,,Project Hail Mary,,2026-03-19,,,,,,,,,False,https://www.cinema.com.my/movies/charts.aspx?date=4/12/2026,2026-08-13T07:36:54+00:00
SG,Cinema Online,weekend,2026-04-09,2026-04-12,3,3,,Hoppers,,2026-03-12,,,,,,,,,False,https://www.cinema.com.my/movies/charts.aspx?date=4/12/2026,2026-08-13T07:36:54+00:00
SG,Cinema Online,weekend,2026-04-09,2026-04-12,4,,New,The King,,2026-04-09,,,,,,,,,False,https://www.cinema.com.my/movies/charts.aspx?date=4/12/2026,2026-08-13T07:36:54+00:00
SG,Cinema Online,weekend,2026-04-09,2026-04-12,5,7,,The Magic Faraway Tree,,2026-03-27,,,,,,,,,False,https://www.cinema.com.my/movies/charts.aspx?date=4/12/2026,2026-08-13T07:36:54+00:00
SG,Cinema Online,weekend,2026-04-09,2026-04-12,6,5,,Pegasus 3,,2026-03-26,,,,,,,,,False,https://www.cinema.com.my/movies/charts.aspx?date=4/12/2026,2026-08-13T07:36:54+00:00
SG,Cinema Online,weekend,2026-04-09,2026-04-12,7,4,,Kong Tao,,2026-03-19,,,,,,,,,False,https://www.cinema.com.my/movies/charts.aspx?date=4/12/2026,2026-08-13T07:36:54+00:00
SG,Cinema Online,weekend,2026-04-09,2026-04-12,8,,New,Assassination Classroom The Movie: Our Time,,2026-04-09,,,,,,,,,False,https://www.cinema.com.my/movies/charts.aspx?date=4/12/2026,2026-08-13T07:36:54+00:00
SG,Cinema Online,weekend,2026-04-09,2026-04-12,9,6,,Ready Or Not 2: Here I Come,,2026-03-26,,,,,,,,,False,https://www.cinema.com.my/movies/charts.aspx?date=4/12/2026,2026-08-13T07:36:54+00:00
SG,Cinema Online,weekend,2026-04-09,2026-04-12,10,8,,Blades Of The Guardians,,2026-02-17,,,,,,,,,False,https://www.cinema.com.my/movies/charts.aspx?date=4/12/2026,2026-08-13T07:36:54+00:00
MY,Cinema Online,weekend,2026-04-16,2026-04-19,1,,New,Lee Cronin,,2026-04-16,,,,,,,,,False,https://www.cinema.com.my/movies/charts.aspx?date=4/19/2026,2026-08-13T07:36:58+00:00
MY,Cinema Online,weekend,2026-04-16,2026-04-19,2,1,,The Super Mario Galaxy Movie,,2026-04-01,,,,,,,,,False,https://www.cinema.com.my/movies/charts.aspx?date=4/19/2026,2026-08-13T07:36:58+00:00
MY,Cinema Online,weekend,2026-04-16,2026-04-19,3,3,,Gayong 2,,2026-04-09,,,,,,,,,False,https://www.cinema.com.my/movies/charts.aspx?date=4/19/2026,2026-08-13T07:36:58+00:00
MY,Cinema Online,weekend,2026-04-16,2026-04-19,4,,New,BTS World Tour,,2026-04-18,,,,,,,,,False,https://www.cinema.com.my/movies/charts.aspx?date=4/19/2026,2026-08-13T07:36:58+00:00
MY,Cinema Online,weekend,2026-04-16,2026-04-19,5,5,,Project Hail Mary,,2026-03-26,,,,,,,,,False,https://www.cinema.com.my/movies/charts.aspx?date=4/19/2026,2026-08-13T07:36:58+00:00
MY,Cinema Online,weekend,2026-04-16,2026-04-19,6,2,,LIK: Love Insurance Kompany,,2026-04-10,,,,,,,,,False,https://www.cinema.com.my/movies/charts.aspx?date=4/19/2026,2026-08-13T07:36:58+00:00
MY,Cinema Online,weekend,2026-04-16,2026-04-19,7,6,,Malaikat Malam,,2026-03-26,,,,,,,,,False,https://www.cinema.com.my/movies/charts.aspx?date=4/19/2026,2026-08-13T07:36:58+00:00
MY,Cinema Online,weekend,2026-04-16,2026-04-19,8,7,,Mikael: Pemburu Dua Alam,,2026-04-02,,,,,,,,,False,https://www.cinema.com.my/movies/charts.aspx?date=4/19/2026,2026-08-13T07:36:58+00:00
MY,Cinema Online,weekend,2026-04-16,2026-04-19,9,,New,Panor 2,,2026-04-16,,,,,,,,,False,https://www.cinema.com.my/movies/charts.aspx?date=4/19/2026,2026-08-13T07:36:58+00:00
MY,Cinema Online,weekend,2026-04-16,2026-04-19,10,9,,Sengkolo: Petaka Satu Suro,,2026-03-26,,,,,,,,,False,https://www.cinema.com.my/movies/charts.aspx?date=4/19/2026,2026-08-13T07:36:58+00:00
SG,Cinema Online,weekend,2026-04-16,2026-04-19,1,1,,The Super Mario Galaxy Movie,,2026-04-01,,,,,,,,,False,https://www.cinema.com.my/movies/charts.aspx?date=4/19/2026,2026-08-13T07:36:58+00:00
SG,Cinema Online,weekend,2026-04-16,2026-04-19,2,2,,Project Hail Mary,,2026-03-19,,,,,,,,,False,https://www.cinema.com.my/movies/charts.aspx?date=4/19/2026,2026-08-13T07:36:58+00:00
SG,Cinema Online,weekend,2026-04-16,2026-04-19,3,,New,Lee Cronin,,2026-04-16,,,,,,,,,False,https://www.cinema.com.my/movies/charts.aspx?date=4/19/2026,2026-08-13T07:36:58+00:00
SG,Cinema Online,weekend,2026-04-16,2026-04-19,4,,New,The Drama,,2026-04-16,,,,,,,,,False,https://www.cinema.com.my/movies/charts.aspx?date=4/19/2026,2026-08-13T07:36:58+00:00
SG,Cinema Online,weekend,2026-04-16,2026-04-19,5,3,,Hoppers,,2026-03-12,,,,,,,,,False,https://www.cinema.com.my/movies/charts.aspx?date=4/19/2026,2026-08-13T07:36:58+00:00
SG,Cinema Online,weekend,2026-04-16,2026-04-19,6,4,,The King,,2026-04-09,,,,,,,,,False,https://www.cinema.com.my/movies/charts.aspx?date=4/19/2026,2026-08-13T07:36:58+00:00
SG,Cinema Online,weekend,2026-04-16,2026-04-19,7,,New,Uncle Odyssey,,2026-04-16,,,,,,,,,False,https://www.cinema.com.my/movies/charts.aspx?date=4/19/2026,2026-08-13T07:36:58+00:00
SG,Cinema Online,weekend,2026-04-16,2026-04-19,8,5,,The Magic Faraway Tree,,2026-03-27,,,,,,,,,False,https://www.cinema.com.my/movies/charts.aspx?date=4/19/2026,2026-08-13T07:36:58+00:00
SG,Cinema Online,weekend,2026-04-16,2026-04-19,9,,New,Mikael: Pemburu Dua Alam,,2026-04-16,,,,,,,,,False,https://www.cinema.com.my/movies/charts.aspx?date=4/19/2026,2026-08-13T07:36:58+00:00
SG,Cinema Online,weekend,2026-04-16,2026-04-19,10,6,,Pegasus 3,,2026-03-26,,,,,,,,,False,https://www.cinema.com.my/movies/charts.aspx?date=4/19/2026,2026-08-13T07:36:58+00:00
MY,Cinema Online,weekend,2026-04-23,2026-04-26,1,,New,Libang Libu,,2026-04-23,,,,,,,,,False,https://www.cinema.com.my/movies/charts.aspx?date=4/26/2026,2026-08-13T07:37:03+00:00
MY,Cinema Online,weekend,2026-04-23,2026-04-26,2,,New,Michael,,2026-04-23,,,,,,,,,False,https://www.cinema.com.my/movies/charts.aspx?date=4/26/2026,2026-08-13T07:37:03+00:00
MY,Cinema Online,weekend,2026-04-23,2026-04-26,3,1,,Lee Cronin,,2026-04-16,,,,,,,,,False,https://www.cinema.com.my/movies/charts.aspx?date=4/26/2026,2026-08-13T07:37:03+00:00
MY,Cinema Online,weekend,2026-04-23,2026-04-26,4,2,,The Super Mario Galaxy Movie,,2026-04-01,,,,,,,,,False,https://www.cinema.com.my/movies/charts.aspx?date=4/26/2026,2026-08-13T07:37:03+00:00
MY,Cinema Online,weekend,2026-04-23,2026-04-26,5,3,,Gayong 2,,2026-04-09,,,,,,,,,False,https://www.cinema.com.my/movies/charts.aspx?date=4/26/2026,2026-08-13T07:37:03+00:00
MY,Cinema Online,weekend,2026-04-23,2026-04-26,6,,New,Kafir: Gerbang Sukma,,2026-04-23,,,,,,,,,False,https://www.cinema.com.my/movies/charts.aspx?date=4/26/2026,2026-08-13T07:37:03+00:00
MY,Cinema Online,weekend,2026-04-23,2026-04-26,7,5,,Project Hail Mary,,2026-03-26,,,,,,,,,False,https://www.cinema.com.my/movies/charts.aspx?date=4/26/2026,2026-08-13T07:37:03+00:00
MY,Cinema Online,weekend,2026-04-23,2026-04-26,8,7,,Malaikat Malam,,2026-03-26,,,,,,,,,False,https://www.cinema.com.my/movies/charts.aspx?date=4/26/2026,2026-08-13T07:37:03+00:00
MY,Cinema Online,weekend,2026-04-23,2026-04-26,9,,New,"Ayah, Ini Arahnya Ke Mana, Ya?",,2026-04-16,,,,,,,,,False,https://www.cinema.com.my/movies/charts.aspx?date=4/26/2026,2026-08-13T07:37:03+00:00
MY,Cinema Online,weekend,2026-04-23,2026-04-26,10,,New,Uncle Odyssey,,2026-04-23,,,,,,,,,False,https://www.cinema.com.my/movies/charts.aspx?date=4/26/2026,2026-08-13T07:37:03+00:00
SG,Cinema Online,weekend,2026-04-23,2026-04-26,1,,New,Michael,,2026-04-23,,,,,,,,,False,https://www.cinema.com.my/movies/charts.aspx?date=4/26/2026,2026-08-13T07:37:03+00:00
SG,Cinema Online,weekend,2026-04-23,2026-04-26,2,1,,The Super Mario Galaxy Movie,,2026-04-01,,,,,,,,,False,https://www.cinema.com.my/movies/charts.aspx?date=4/26/2026,2026-08-13T07:37:03+00:00
SG,Cinema Online,weekend,2026-04-23,2026-04-26,3,3,,Lee Cronin,,2026-04-16,,,,,,,,,False,https://www.cinema.com.my/movies/charts.aspx?date=4/26/2026,2026-08-13T07:37:03+00:00
SG,Cinema Online,weekend,2026-04-23,2026-04-26,4,2,,Project Hail Mary,,2026-03-19,,,,,,,,,False,https://www.cinema.com.my/movies/charts.aspx?date=4/26/2026,2026-08-13T07:37:03+00:00
SG,Cinema Online,weekend,2026-04-23,2026-04-26,5,4,,The Drama,,2026-04-16,,,,,,,,,False,https://www.cinema.com.my/movies/charts.aspx?date=4/26/2026,2026-08-13T07:37:03+00:00
SG,Cinema Online,weekend,2026-04-23,2026-04-26,6,5,,Hoppers,,2026-03-12,,,,,,,,,False,https://www.cinema.com.my/movies/charts.aspx?date=4/26/2026,2026-08-13T07:37:03+00:00
SG,Cinema Online,weekend,2026-04-23,2026-04-26,7,,New,ONE OK ROCK Detox Japan Tour 2025 At Nissan Stadium In Cinemas,,2026-04-22,,,,,,,,,False,https://www.cinema.com.my/movies/charts.aspx?date=4/26/2026,2026-08-13T07:37:03+00:00
SG,Cinema Online,weekend,2026-04-23,2026-04-26,8,6,,The King,,2026-04-09,,,,,,,,,False,https://www.cinema.com.my/movies/charts.aspx?date=4/26/2026,2026-08-13T07:37:03+00:00
SG,Cinema Online,weekend,2026-04-23,2026-04-26,9,7,,Uncle Odyssey,,2026-04-16,,,,,,,,,False,https://www.cinema.com.my/movies/charts.aspx?date=4/26/2026,2026-08-13T07:37:03+00:00
SG,Cinema Online,weekend,2026-04-23,2026-04-26,10,8,,The Magic Faraway Tree,,2026-03-27,,,,,,,,,False,https://www.cinema.com.my/movies/charts.aspx?date=4/26/2026,2026-08-13T07:37:03+00:00
MY,Cinema Online,weekend,2026-04-30,2026-05-03,1,1,,Libang Libu,,2026-04-23,,,,,,,,,False,https://www.cinema.com.my/movies/charts.aspx?date=5/3/2026,2026-08-13T07:37:06+00:00
MY,Cinema Online,weekend,2026-04-30,2026-05-03,2,2,,Michael,,2026-04-23,,,,,,,,,False,https://www.cinema.com.my/movies/charts.aspx?date=5/3/2026,2026-08-13T07:37:06+00:00
MY,Cinema Online,weekend,2026-04-30,2026-05-03,3,,New,Cold War 1994,,2026-05-01,,,,,,,,,False,https://www.cinema.com.my/movies/charts.aspx?date=5/3/2026,2026-08-13T07:37:06+00:00
MY,Cinema Online,weekend,2026-04-30,2026-05-03,4,,New,The Devil Wears Prada 2,,2026-04-30,,,,,,,,,False,https://www.cinema.com.my/movies/charts.aspx?date=5/3/2026,2026-08-13T07:37:06+00:00
MY,Cinema Online,weekend,2026-04-30,2026-05-03,5,3,,Lee Cronin,,2026-04-16,,,,,,,,,False,https://www.cinema.com.my/movies/charts.aspx?date=5/3/2026,2026-08-13T07:37:06+00:00
MY,Cinema Online,weekend,2026-04-30,2026-05-03,6,4,,The Super Mario Galaxy Movie,,2026-04-01,,,,,,,,,False,https://www.cinema.com.my/movies/charts.aspx?date=5/3/2026,2026-08-13T07:37:06+00:00
MY,Cinema Online,weekend,2026-04-30,2026-05-03,7,,New,Kara,,2026-04-30,,,,,,,,,False,https://www.cinema.com.my/movies/charts.aspx?date=5/3/2026,2026-08-13T07:37:06+00:00
MY,Cinema Online,weekend,2026-04-30,2026-05-03,8,,New,Ghost In The Cell,,2026-04-30,,,,,,,,,False,https://www.cinema.com.my/movies/charts.aspx?date=5/3/2026,2026-08-13T07:37:06+00:00
MY,Cinema Online,weekend,2026-04-30,2026-05-03,9,,New,Pewaris Susuk,,2026-04-30,,,,,,,,,False,https://www.cinema.com.my/movies/charts.aspx?date=5/3/2026,2026-08-13T07:37:06+00:00
MY,Cinema Online,weekend,2026-04-30,2026-05-03,10,6,,Kafir: Gerbang Sukma,,2026-04-23,,,,,,,,,False,https://www.cinema.com.my/movies/charts.aspx?date=5/3/2026,2026-08-13T07:37:06+00:00
SG,Cinema Online,weekend,2026-04-30,2026-05-03,1,,New,The Devil Wears Prada 2,,2026-04-30,,,,,,,,,False,https://www.cinema.com.my/movies/charts.aspx?date=5/3/2026,2026-08-13T07:37:06+00:00
SG,Cinema Online,weekend,2026-04-30,2026-05-03,2,1,,Michael,,2026-04-23,,,,,,,,,False,https://www.cinema.com.my/movies/charts.aspx?date=5/3/2026,2026-08-13T07:37:06+00:00
SG,Cinema Online,weekend,2026-04-30,2026-05-03,3,2,,The Super Mario Galaxy Movie,,2026-04-01,,,,,,,,,False,https://www.cinema.com.my/movies/charts.aspx?date=5/3/2026,2026-08-13T07:37:06+00:00
SG,Cinema Online,weekend,2026-04-30,2026-05-03,4,,New,Cold War 1994,,2026-05-01,,,,,,,,,False,https://www.cinema.com.my/movies/charts.aspx?date=5/3/2026,2026-08-13T07:37:06+00:00
SG,Cinema Online,weekend,2026-04-30,2026-05-03,5,4,,Project Hail Mary,,2026-03-19,,,,,,,,,False,https://www.cinema.com.my/movies/charts.aspx?date=5/3/2026,2026-08-13T07:37:06+00:00
SG,Cinema Online,weekend,2026-04-30,2026-05-03,6,3,,Lee Cronin,,2026-04-16,,,,,,,,,False,https://www.cinema.com.my/movies/charts.aspx?date=5/3/2026,2026-08-13T07:37:06+00:00
SG,Cinema Online,weekend,2026-04-30,2026-05-03,7,6,,Hoppers,,2026-03-12,,,,,,,,,False,https://www.cinema.com.my/movies/charts.aspx?date=5/3/2026,2026-08-13T07:37:06+00:00
SG,Cinema Online,weekend,2026-04-30,2026-05-03,8,5,,The Drama,,2026-04-16,,,,,,,,,False,https://www.cinema.com.my/movies/charts.aspx?date=5/3/2026,2026-08-13T07:37:06+00:00
SG,Cinema Online,weekend,2026-04-30,2026-05-03,9,10,,The Magic Faraway Tree,,2026-03-27,,,,,,,,,False,https://www.cinema.com.my/movies/charts.aspx?date=5/3/2026,2026-08-13T07:37:06+00:00
SG,Cinema Online,weekend,2026-04-30,2026-05-03,10,,New,Ghost In The Cell,,2026-04-30,,,,,,,,,False,https://www.cinema.com.my/movies/charts.aspx?date=5/3/2026,2026-08-13T07:37:06+00:00
MY,Cinema Online,weekend,2026-05-07,2026-05-10,1,,New,Tarung: Unforgiven,,2026-05-07,,,,,,,,,False,https://www.cinema.com.my/movies/charts.aspx?date=5/10/2026,2026-08-13T07:37:10+00:00
MY,Cinema Online,weekend,2026-05-07,2026-05-10,2,2,,Michael,,2026-04-23,,,,,,,,,False,https://www.cinema.com.my/movies/charts.aspx?date=5/10/2026,2026-08-13T07:37:10+00:00
MY,Cinema Online,weekend,2026-05-07,2026-05-10,3,1,,Libang Libu,,2026-04-23,,,,,,,,,False,https://www.cinema.com.my/movies/charts.aspx?date=5/10/2026,2026-08-13T07:37:10+00:00
MY,Cinema Online,weekend,2026-05-07,2026-05-10,4,3,,Cold War 1994,,2026-05-01,,,,,,,,,False,https://www.cinema.com.my/movies/charts.aspx?date=5/10/2026,2026-08-13T07:37:10+00:00
MY,Cinema Online,weekend,2026-05-07,2026-05-10,5,,New,Mortal Kombat II,,2026-05-07,,,,,,,,,False,https://www.cinema.com.my/movies/charts.aspx?date=5/10/2026,2026-08-13T07:37:10+00:00
MY,Cinema Online,weekend,2026-05-07,2026-05-10,6,4,,The Devil Wears Prada 2,,2026-04-30,,,,,,,,,False,https://www.cinema.com.my/movies/charts.aspx?date=5/10/2026,2026-08-13T07:37:10+00:00
MY,Cinema Online,weekend,2026-05-07,2026-05-10,7,,New,Salmokji: Whispering Water,,2026-05-07,,,,,,,,,False,https://www.cinema.com.my/movies/charts.aspx?date=5/10/2026,2026-08-13T07:37:10+00:00
MY,Cinema Online,weekend,2026-05-07,2026-05-10,8,5,,Lee Cronin,,2026-04-16,,,,,,,,,False,https://www.cinema.com.my/movies/charts.aspx?date=5/10/2026,2026-08-13T07:37:10+00:00
MY,Cinema Online,weekend,2026-05-07,2026-05-10,9,6,,The Super Mario Galaxy Movie,,2026-04-01,,,,,,,,,False,https://www.cinema.com.my/movies/charts.aspx?date=5/10/2026,2026-08-13T07:37:10+00:00
MY,Cinema Online,weekend,2026-05-07,2026-05-10,10,8,,Ghost In The Cell,,2026-04-30,,,,,,,,,False,https://www.cinema.com.my/movies/charts.aspx?date=5/10/2026,2026-08-13T07:37:10+00:00
SG,Cinema Online,weekend,2026-05-07,2026-05-10,1,1,,The Devil Wears Prada 2,,2026-04-30,,,,,,,,,False,https://www.cinema.com.my/movies/charts.aspx?date=5/10/2026,2026-08-13T07:37:10+00:00
SG,Cinema Online,weekend,2026-05-07,2026-05-10,2,2,,Michael,,2026-04-23,,,,,,,,,False,https://www.cinema.com.my/movies/charts.aspx?date=5/10/2026,2026-08-13T07:37:10+00:00
SG,Cinema Online,weekend,2026-05-07,2026-05-10,3,,New,Mortal Kombat II,,2026-05-07,,,,,,,,,False,https://www.cinema.com.my/movies/charts.aspx?date=5/10/2026,2026-08-13T07:37:10+00:00
SG,Cinema Online,weekend,2026-05-07,2026-05-10,4,,New,The Sheep Detectives,,2026-05-07,,,,,,,,,False,https://www.cinema.com.my/movies/charts.aspx?date=5/10/2026,2026-08-13T07:37:10+00:00
SG,Cinema Online,weekend,2026-05-07,2026-05-10,5,4,,Cold War 1994,,2026-05-01,,,,,,,,,False,https://www.cinema.com.my/movies/charts.aspx?date=5/10/2026,2026-08-13T07:37:10+00:00
SG,Cinema Online,weekend,2026-05-07,2026-05-10,6,5,,Project Hail Mary,,2026-03-19,,,,,,,,,False,https://www.cinema.com.my/movies/charts.aspx?date=5/10/2026,2026-08-13T07:37:10+00:00
SG,Cinema Online,weekend,2026-05-07,2026-05-10,7,3,,The Super Mario Galaxy Movie,,2026-04-01,,,,,,,,,False,https://www.cinema.com.my/movies/charts.aspx?date=5/10/2026,2026-08-13T07:37:10+00:00
SG,Cinema Online,weekend,2026-05-07,2026-05-10,8,,New,Salmokji: Whispering Water,,2026-05-07,,,,,,,,,False,https://www.cinema.com.my/movies/charts.aspx?date=5/10/2026,2026-08-13T07:37:10+00:00
SG,Cinema Online,weekend,2026-05-07,2026-05-10,9,6,,Lee Cronin,,2026-04-16,,,,,,,,,False,https://www.cinema.com.my/movies/charts.aspx?date=5/10/2026,2026-08-13T07:37:10+00:00
SG,Cinema Online,weekend,2026-05-07,2026-05-10,10,,New,Billie Eilish - Hit Me Hard And Soft: The Tour (Live In 3D),,2026-05-07,,,,,,,,,False,https://www.cinema.com.my/movies/charts.aspx?date=5/10/2026,2026-08-13T07:37:10+00:00
MY,Cinema Online,weekend,2026-05-14,2026-05-17,1,1,,Tarung: Unforgiven,,2026-05-07,,,,,,,,,False,https://www.cinema.com.my/movies/charts.aspx?date=5/17/2026,2026-08-13T07:37:14+00:00
MY,Cinema Online,weekend,2026-05-14,2026-05-17,2,,New,Karuppu,,2026-05-15,,,,,,,,,False,https://www.cinema.com.my/movies/charts.aspx?date=5/17/2026,2026-08-13T07:37:14+00:00
MY,Cinema Online,weekend,2026-05-14,2026-05-17,3,2,,Michael,,2026-04-23,,,,,,,,,False,https://www.cinema.com.my/movies/charts.aspx?date=5/17/2026,2026-08-13T07:37:14+00:00
MY,Cinema Online,weekend,2026-05-14,2026-05-17,4,3,,Libang Libu,,2026-04-23,,,,,,,,,False,https://www.cinema.com.my/movies/charts.aspx?date=5/17/2026,2026-08-13T07:37:14+00:00
MY,Cinema Online,weekend,2026-05-14,2026-05-17,5,4,,Cold War 1994,,2026-05-01,,,,,,,,,False,https://www.cinema.com.my/movies/charts.aspx?date=5/17/2026,2026-08-13T07:37:14+00:00
MY,Cinema Online,weekend,2026-05-14,2026-05-17,6,6,,The Devil Wears Prada 2,,2026-04-30,,,,,,,,,False,https://www.cinema.com.my/movies/charts.aspx?date=5/17/2026,2026-08-13T07:37:14+00:00
MY,Cinema Online,weekend,2026-05-14,2026-05-17,7,5,,Mortal Kombat II,,2026-05-07,,,,,,,,,False,https://www.cinema.com.my/movies/charts.aspx?date=5/17/2026,2026-08-13T07:37:14+00:00
MY,Cinema Online,weekend,2026-05-14,2026-05-17,8,7,,Salmokji: Whispering Water,,2026-05-07,,,,,,,,,False,https://www.cinema.com.my/movies/charts.aspx?date=5/17/2026,2026-08-13T07:37:14+00:00
MY,Cinema Online,weekend,2026-05-14,2026-05-17,9,,New,Mother Bhumi,,2026-05-14,,,,,,,,,False,https://www.cinema.com.my/movies/charts.aspx?date=5/17/2026,2026-08-13T07:37:14+00:00
MY,Cinema Online,weekend,2026-05-14,2026-05-17,10,9,,The Super Mario Galaxy Movie,,2026-04-01,,,,,,,,,False,https://www.cinema.com.my/movies/charts.aspx?date=5/17/2026,2026-08-13T07:37:14+00:00
SG,Cinema Online,weekend,2026-05-14,2026-05-17,1,1,,The Devil Wears Prada 2,,2026-04-30,,,,,,,,,False,https://www.cinema.com.my/movies/charts.aspx?date=5/17/2026,2026-08-13T07:37:14+00:00
SG,Cinema Online,weekend,2026-05-14,2026-05-17,2,2,,Michael,,2026-04-23,,,,,,,,,False,https://www.cinema.com.my/movies/charts.aspx?date=5/17/2026,2026-08-13T07:37:14+00:00
SG,Cinema Online,weekend,2026-05-14,2026-05-17,3,3,,Mortal Kombat II,,2026-05-07,,,,,,,,,False,https://www.cinema.com.my/movies/charts.aspx?date=5/17/2026,2026-08-13T07:37:14+00:00
SG,Cinema Online,weekend,2026-05-14,2026-05-17,4,4,,The Sheep Detectives,,2026-05-07,,,,,,,,,False,https://www.cinema.com.my/movies/charts.aspx?date=5/17/2026,2026-08-13T07:37:14+00:00
SG,Cinema Online,weekend,2026-05-14,2026-05-17,5,5,,Cold War 1994,,2026-05-01,,,,,,,,,False,https://www.cinema.com.my/movies/charts.aspx?date=5/17/2026,2026-08-13T07:37:14+00:00
SG,Cinema Online,weekend,2026-05-14,2026-05-17,6,6,,Project Hail Mary,,2026-03-19,,,,,,,,,False,https://www.cinema.com.my/movies/charts.aspx?date=5/17/2026,2026-08-13T07:37:14+00:00
SG,Cinema Online,weekend,2026-05-14,2026-05-17,7,7,,The Super Mario Galaxy Movie,,2026-04-01,,,,,,,,,False,https://www.cinema.com.my/movies/charts.aspx?date=5/17/2026,2026-08-13T07:37:14+00:00
SG,Cinema Online,weekend,2026-05-14,2026-05-17,8,8,,Salmokji: Whispering Water,,2026-05-07,,,,,,,,,False,https://www.cinema.com.my/movies/charts.aspx?date=5/17/2026,2026-08-13T07:37:14+00:00
SG,Cinema Online,weekend,2026-05-14,2026-05-17,9,9,,Lee Cronin,,2026-04-16,,,,,,,,,False,https://www.cinema.com.my/movies/charts.aspx?date=5/17/2026,2026-08-13T07:37:14+00:00
SG,Cinema Online,weekend,2026-05-14,2026-05-17,10,,New,That Time I Got Reincarnated As A Slime The Movie: Tears Of The Azure Sea,,2026-05-14,,,,,,,,,False,https://www.cinema.com.my/movies/charts.aspx?date=5/17/2026,2026-08-13T07:37:14+00:00
MY,Cinema Online,weekend,2026-05-21,2026-05-24,1,,New,Colony,,2026-05-22,,,,,,,,,False,https://www.cinema.com.my/movies/charts.aspx?date=5/24/2026,2026-08-13T07:37:18+00:00
MY,Cinema Online,weekend,2026-05-21,2026-05-24,2,1,,Tarung: Unforgiven,,2026-05-07,,,,,,,,,False,https://www.cinema.com.my/movies/charts.aspx?date=5/24/2026,2026-08-13T07:37:18+00:00
MY,Cinema Online,weekend,2026-05-21,2026-05-24,3,2,,Karuppu,,2026-05-15,,,,,,,,,False,https://www.cinema.com.my/movies/charts.aspx?date=5/24/2026,2026-08-13T07:37:18+00:00
MY,Cinema Online,weekend,2026-05-21,2026-05-24,4,,New,The Mandalorian And Grogu,,2026-05-21,,,,,,,,,False,https://www.cinema.com.my/movies/charts.aspx?date=5/24/2026,2026-08-13T07:37:18+00:00
MY,Cinema Online,weekend,2026-05-21,2026-05-24,5,,New,Tumbal Proyek,,2026-05-20,,,,,,,,,False,https://www.cinema.com.my/movies/charts.aspx?date=5/24/2026,2026-08-13T07:37:18+00:00
MY,Cinema Online,weekend,2026-05-21,2026-05-24,6,3,,Michael,,2026-04-23,,,,,,,,,False,https://www.cinema.com.my/movies/charts.aspx?date=5/24/2026,2026-08-13T07:37:18+00:00
MY,Cinema Online,weekend,2026-05-21,2026-05-24,7,,New,Nar,,2026-05-21,,,,,,,,,False,https://www.cinema.com.my/movies/charts.aspx?date=5/24/2026,2026-08-13T07:37:18+00:00
MY,Cinema Online,weekend,2026-05-21,2026-05-24,8,,New,Konspirasi,,2026-05-21,,,,,,,,,False,https://www.cinema.com.my/movies/charts.aspx?date=5/24/2026,2026-08-13T07:37:18+00:00
MY,Cinema Online,weekend,2026-05-21,2026-05-24,9,,New,Passenger,,2026-05-21,,,,,,,,,False,https://www.cinema.com.my/movies/charts.aspx?date=5/24/2026,2026-08-13T07:37:18+00:00
MY,Cinema Online,weekend,2026-05-21,2026-05-24,10,4,,Libang Libu,,2026-04-23,,,,,,,,,False,https://www.cinema.com.my/movies/charts.aspx?date=5/24/2026,2026-08-13T07:37:18+00:00
SG,Cinema Online,weekend,2026-05-21,2026-05-24,1,,New,The Mandalorian And Grogu,,2026-05-21,,,,,,,,,False,https://www.cinema.com.my/movies/charts.aspx?date=5/24/2026,2026-08-13T07:37:18+00:00
SG,Cinema Online,weekend,2026-05-21,2026-05-24,2,1,,The Devil Wears Prada 2,,2026-04-30,,,,,,,,,False,https://www.cinema.com.my/movies/charts.aspx?date=5/24/2026,2026-08-13T07:37:18+00:00
SG,Cinema Online,weekend,2026-05-21,2026-05-24,3,2,,Michael,,2026-04-23,,,,,,,,,False,https://www.cinema.com.my/movies/charts.aspx?date=5/24/2026,2026-08-13T07:37:18+00:00
SG,Cinema Online,weekend,2026-05-21,2026-05-24,4,4,,The Sheep Detectives,,2026-05-07,,,,,,,,,False,https://www.cinema.com.my/movies/charts.aspx?date=5/24/2026,2026-08-13T07:37:18+00:00
SG,Cinema Online,weekend,2026-05-21,2026-05-24,5,3,,Mortal Kombat II,,2026-05-07,,,,,,,,,False,https://www.cinema.com.my/movies/charts.aspx?date=5/24/2026,2026-08-13T07:37:18+00:00
SG,Cinema Online,weekend,2026-05-21,2026-05-24,6,6,,Project Hail Mary,,2026-03-19,,,,,,,,,False,https://www.cinema.com.my/movies/charts.aspx?date=5/24/2026,2026-08-13T07:37:18+00:00
SG,Cinema Online,weekend,2026-05-21,2026-05-24,7,7,,The Super Mario Galaxy Movie,,2026-04-01,,,,,,,,,False,https://www.cinema.com.my/movies/charts.aspx?date=5/24/2026,2026-08-13T07:37:18+00:00
SG,Cinema Online,weekend,2026-05-21,2026-05-24,8,5,,Cold War 1994,,2026-05-01,,,,,,,,,False,https://www.cinema.com.my/movies/charts.aspx?date=5/24/2026,2026-08-13T07:37:18+00:00
SG,Cinema Online,weekend,2026-05-21,2026-05-24,9,,New,Hokum,,2026-05-21,,,,,,,,,False,https://www.cinema.com.my/movies/charts.aspx?date=5/24/2026,2026-08-13T07:37:18+00:00
SG,Cinema Online,weekend,2026-05-21,2026-05-24,10,,New,Gohan,,2026-05-21,,,,,,,,,False,https://www.cinema.com.my/movies/charts.aspx?date=5/24/2026,2026-08-13T07:37:18+00:00
MY,Cinema Online,weekend,2026-05-28,2026-05-31,1,1,,Colony,,2026-05-22,,,,,,,,,False,https://www.cinema.com.my/movies/charts.aspx?date=5/31/2026,2026-08-13T07:37:22+00:00
MY,Cinema Online,weekend,2026-05-28,2026-05-31,2,,New,Polong,,2026-05-28,,,,,,,,,False,https://www.cinema.com.my/movies/charts.aspx?date=5/31/2026,2026-08-13T07:37:22+00:00
MY,Cinema Online,weekend,2026-05-28,2026-05-31,3,2,,Tarung: Unforgiven,,2026-05-07,,,,,,,,,False,https://www.cinema.com.my/movies/charts.aspx?date=5/31/2026,2026-08-13T07:37:22+00:00
MY,Cinema Online,weekend,2026-05-28,2026-05-31,4,,New,The Furious: Pertaruhan Maruah,,2026-05-28,,,,,,,,,False,https://www.cinema.com.my/movies/charts.aspx?date=5/31/2026,2026-08-13T07:37:22+00:00
MY,Cinema Online,weekend,2026-05-28,2026-05-31,5,4,,The Mandalorian And Grogu,,2026-05-21,,,,,,,,,False,https://www.cinema.com.my/movies/charts.aspx?date=5/31/2026,2026-08-13T07:37:22+00:00
MY,Cinema Online,weekend,2026-05-28,2026-05-31,6,3,,Karuppu,,2026-05-15,,,,,,,,,False,https://www.cinema.com.my/movies/charts.aspx?date=5/31/2026,2026-08-13T07:37:22+00:00
MY,Cinema Online,weekend,2026-05-28,2026-05-31,7,,New,The Sheep Detectives,,2026-05-27,,,,,,,,,False,https://www.cinema.com.my/movies/charts.aspx?date=5/31/2026,2026-08-13T07:37:22+00:00
MY,Cinema Online,weekend,2026-05-28,2026-05-31,8,6,,Michael,,2026-04-23,,,,,,,,,False,https://www.cinema.com.my/movies/charts.aspx?date=5/31/2026,2026-08-13T07:37:22+00:00
MY,Cinema Online,weekend,2026-05-28,2026-05-31,9,,New,Blast,,2026-05-28,,,,,,,,,False,https://www.cinema.com.my/movies/charts.aspx?date=5/31/2026,2026-08-13T07:37:22+00:00
MY,Cinema Online,weekend,2026-05-28,2026-05-31,10,,New,Billie Eilish - Hit Me Hard And Soft: The Tour (Live In 3D),,2026-05-28,,,,,,,,,False,https://www.cinema.com.my/movies/charts.aspx?date=5/31/2026,2026-08-13T07:37:22+00:00
SG,Cinema Online,weekend,2026-05-28,2026-05-31,1,,New,Colony,,2026-05-27,,,,,,,,,False,https://www.cinema.com.my/movies/charts.aspx?date=5/31/2026,2026-08-13T07:37:22+00:00
SG,Cinema Online,weekend,2026-05-28,2026-05-31,2,1,,The Mandalorian And Grogu,,2026-05-21,,,,,,,,,False,https://www.cinema.com.my/movies/charts.aspx?date=5/31/2026,2026-08-13T07:37:22+00:00
SG,Cinema Online,weekend,2026-05-28,2026-05-31,3,2,,The Devil Wears Prada 2,,2026-04-30,,,,,,,,,False,https://www.cinema.com.my/movies/charts.aspx?date=5/31/2026,2026-08-13T07:37:22+00:00
SG,Cinema Online,weekend,2026-05-28,2026-05-31,4,3,,Michael,,2026-04-23,,,,,,,,,False,https://www.cinema.com.my/movies/charts.aspx?date=5/31/2026,2026-08-13T07:37:22+00:00
SG,Cinema Online,weekend,2026-05-28,2026-05-31,5,,New,Dream Stall,,2026-05-27,,,,,,,,,False,https://www.cinema.com.my/movies/charts.aspx?date=5/31/2026,2026-08-13T07:37:22+00:00
SG,Cinema Online,weekend,2026-05-28,2026-05-31,6,4,,The Sheep Detectives,,2026-05-07,,,,,,,,,False,https://www.cinema.com.my/movies/charts.aspx?date=5/31/2026,2026-08-13T07:37:22+00:00
SG,Cinema Online,weekend,2026-05-28,2026-05-31,7,,New,Passenger,,2026-05-28,,,,,,,,,False,https://www.cinema.com.my/movies/charts.aspx?date=5/31/2026,2026-08-13T07:37:22+00:00
SG,Cinema Online,weekend,2026-05-28,2026-05-31,8,7,,The Super Mario Galaxy Movie,,2026-04-01,,,,,,,,,False,https://www.cinema.com.my/movies/charts.aspx?date=5/31/2026,2026-08-13T07:37:22+00:00
SG,Cinema Online,weekend,2026-05-28,2026-05-31,9,6,,Project Hail Mary,,2026-03-19,,,,,,,,,False,https://www.cinema.com.my/movies/charts.aspx?date=5/31/2026,2026-08-13T07:37:22+00:00
SG,Cinema Online,weekend,2026-05-28,2026-05-31,10,9,,Hokum,,2026-05-21,,,,,,,,,False,https://www.cinema.com.my/movies/charts.aspx?date=5/31/2026,2026-08-13T07:37:22+00:00
MY,Cinema Online,weekend,2026-06-04,2026-06-07,1,1,,Colony,,2026-05-22,,,,,,,,,False,https://www.cinema.com.my/movies/charts.aspx?date=6/7/2026,2026-08-13T07:37:26+00:00
MY,Cinema Online,weekend,2026-06-04,2026-06-07,2,2,,Polong,,2026-05-28,,,,,,,,,False,https://www.cinema.com.my/movies/charts.aspx?date=6/7/2026,2026-08-13T07:37:26+00:00
MY,Cinema Online,weekend,2026-06-04,2026-06-07,3,,New,Backrooms,,2026-06-04,,,,,,,,,False,https://www.cinema.com.my/movies/charts.aspx?date=6/7/2026,2026-08-13T07:37:26+00:00
MY,Cinema Online,weekend,2026-06-04,2026-06-07,4,,New,Masters Of The Universe,,2026-06-04,,,,,,,,,False,https://www.cinema.com.my/movies/charts.aspx?date=6/7/2026,2026-08-13T07:37:26+00:00
MY,Cinema Online,weekend,2026-06-04,2026-06-07,5,,New,5 Bomoh,,2026-06-04,,,,,,,,,False,https://www.cinema.com.my/movies/charts.aspx?date=6/7/2026,2026-08-13T07:37:26+00:00
MY,Cinema Online,weekend,2026-06-04,2026-06-07,6,4,,The Furious: Pertaruhan Maruah,,2026-05-28,,,,,,,,,False,https://www.cinema.com.my/movies/charts.aspx?date=6/7/2026,2026-08-13T07:37:26+00:00
MY,Cinema Online,weekend,2026-06-04,2026-06-07,7,3,,Tarung: Unforgiven,,2026-05-07,,,,,,,,,False,https://www.cinema.com.my/movies/charts.aspx?date=6/7/2026,2026-08-13T07:37:26+00:00
MY,Cinema Online,weekend,2026-06-04,2026-06-07,8,7,,The Sheep Detectives,,2026-05-27,,,,,,,,,False,https://www.cinema.com.my/movies/charts.aspx?date=6/7/2026,2026-08-13T07:37:26+00:00
MY,Cinema Online,weekend,2026-06-04,2026-06-07,9,,New,Parimala And Co,,2026-06-05,,,,,,,,,False,https://www.cinema.com.my/movies/charts.aspx?date=6/7/2026,2026-08-13T07:37:26+00:00
MY,Cinema Online,weekend,2026-06-04,2026-06-07,10,,New,The Amazing Digital Circus: The Last Act,,2026-06-05,,,,,,,,,False,https://www.cinema.com.my/movies/charts.aspx?date=6/7/2026,2026-08-13T07:37:26+00:00
SG,Cinema Online,weekend,2026-06-04,2026-06-07,1,1,,Colony,,2026-05-27,,,,,,,,,False,https://www.cinema.com.my/movies/charts.aspx?date=6/7/2026,2026-08-13T07:37:26+00:00
SG,Cinema Online,weekend,2026-06-04,2026-06-07,2,,New,Masters Of The Universe,,2026-06-04,,,,,,,,,False,https://www.cinema.com.my/movies/charts.aspx?date=6/7/2026,2026-08-13T07:37:26+00:00
SG,Cinema Online,weekend,2026-06-04,2026-06-07,3,2,,The Mandalorian And Grogu,,2026-05-21,,,,,,,,,False,https://www.cinema.com.my/movies/charts.aspx?date=6/7/2026,2026-08-13T07:37:26+00:00
SG,Cinema Online,weekend,2026-06-04,2026-06-07,4,5,,Dream Stall,,2026-05-27,,,,,,,,,False,https://www.cinema.com.my/movies/charts.aspx?date=6/7/2026,2026-08-13T07:37:26+00:00
SG,Cinema Online,weekend,2026-06-04,2026-06-07,5,4,,Michael,,2026-04-23,,,,,,,,,False,https://www.cinema.com.my/movies/charts.aspx?date=6/7/2026,2026-08-13T07:37:26+00:00
SG,Cinema Online,weekend,2026-06-04,2026-06-07,6,,New,The Amazing Digital Circus: The Last Act,,2026-06-05,,,,,,,,,False,https://www.cinema.com.my/movies/charts.aspx?date=6/7/2026,2026-08-13T07:37:26+00:00
SG,Cinema Online,weekend,2026-06-04,2026-06-07,7,3,,The Devil Wears Prada 2,,2026-04-30,,,,,,,,,False,https://www.cinema.com.my/movies/charts.aspx?date=6/7/2026,2026-08-13T07:37:26+00:00
SG,Cinema Online,weekend,2026-06-04,2026-06-07,8,,New,Scary Movie,,2026-06-04,,,,,,,,,False,https://www.cinema.com.my/movies/charts.aspx?date=6/7/2026,2026-08-13T07:37:26+00:00
SG,Cinema Online,weekend,2026-06-04,2026-06-07,9,6,,The Sheep Detectives,,2026-05-07,,,,,,,,,False,https://www.cinema.com.my/movies/charts.aspx?date=6/7/2026,2026-08-13T07:37:26+00:00
SG,Cinema Online,weekend,2026-06-04,2026-06-07,10,8,,The Super Mario Galaxy Movie,,2026-04-01,,,,,,,,,False,https://www.cinema.com.my/movies/charts.aspx?date=6/7/2026,2026-08-13T07:37:26+00:00
MY,Cinema Online,weekend,2026-06-11,2026-06-14,1,1,,Colony,,2026-05-22,,,,,,,,,False,https://www.cinema.com.my/movies/charts.aspx?date=6/14/2026,2026-08-13T07:37:30+00:00
MY,Cinema Online,weekend,2026-06-11,2026-06-14,2,,New,Khadam,,2026-06-11,,,,,,,,,False,https://www.cinema.com.my/movies/charts.aspx?date=6/14/2026,2026-08-13T07:37:30+00:00
MY,Cinema Online,weekend,2026-06-11,2026-06-14,3,,New,Disclosure Day,,2026-06-11,,,,,,,,,False,https://www.cinema.com.my/movies/charts.aspx?date=6/14/2026,2026-08-13T07:37:30+00:00
MY,Cinema Online,weekend,2026-06-11,2026-06-14,4,2,,Polong,,2026-05-28,,,,,,,,,False,https://www.cinema.com.my/movies/charts.aspx?date=6/14/2026,2026-08-13T07:37:30+00:00
MY,Cinema Online,weekend,2026-06-11,2026-06-14,5,,New,BTS World Tour,,2026-06-13,,,,,,,,,False,https://www.cinema.com.my/movies/charts.aspx?date=6/14/2026,2026-08-13T07:37:30+00:00
MY,Cinema Online,weekend,2026-06-11,2026-06-14,6,,New,The Furious,,2026-06-11,,,,,,,,,False,https://www.cinema.com.my/movies/charts.aspx?date=6/14/2026,2026-08-13T07:37:30+00:00
MY,Cinema Online,weekend,2026-06-11,2026-06-14,7,3,,Backrooms,,2026-06-04,,,,,,,,,False,https://www.cinema.com.my/movies/charts.aspx?date=6/14/2026,2026-08-13T07:37:30+00:00
MY,Cinema Online,weekend,2026-06-11,2026-06-14,8,4,,Masters Of The Universe,,2026-06-04,,,,,,,,,False,https://www.cinema.com.my/movies/charts.aspx?date=6/14/2026,2026-08-13T07:37:30+00:00
MY,Cinema Online,weekend,2026-06-11,2026-06-14,9,5,,5 Bomoh,,2026-06-04,,,,,,,,,False,https://www.cinema.com.my/movies/charts.aspx?date=6/14/2026,2026-08-13T07:37:30+00:00
MY,Cinema Online,weekend,2026-06-11,2026-06-14,10,8,,The Sheep Detectives,,2026-05-27,,,,,,,,,False,https://www.cinema.com.my/movies/charts.aspx?date=6/14/2026,2026-08-13T07:37:30+00:00
SG,Cinema Online,weekend,2026-06-11,2026-06-14,1,,New,Disclosure Day,,2026-06-11,,,,,,,,,False,https://www.cinema.com.my/movies/charts.aspx?date=6/14/2026,2026-08-13T07:37:30+00:00
SG,Cinema Online,weekend,2026-06-11,2026-06-14,2,1,,Colony,,2026-05-27,,,,,,,,,False,https://www.cinema.com.my/movies/charts.aspx?date=6/14/2026,2026-08-13T07:37:30+00:00
SG,Cinema Online,weekend,2026-06-11,2026-06-14,3,2,,Masters Of The Universe,,2026-06-04,,,,,,,,,False,https://www.cinema.com.my/movies/charts.aspx?date=6/14/2026,2026-08-13T07:37:30+00:00
SG,Cinema Online,weekend,2026-06-11,2026-06-14,4,,New,The Furious,,2026-06-11,,,,,,,,,False,https://www.cinema.com.my/movies/charts.aspx?date=6/14/2026,2026-08-13T07:37:30+00:00
SG,Cinema Online,weekend,2026-06-11,2026-06-14,5,4,,Dream Stall,,2026-05-27,,,,,,,,,False,https://www.cinema.com.my/movies/charts.aspx?date=6/14/2026,2026-08-13T07:37:30+00:00
SG,Cinema Online,weekend,2026-06-11,2026-06-14,6,3,,The Mandalorian And Grogu,,2026-05-21,,,,,,,,,False,https://www.cinema.com.my/movies/charts.aspx?date=6/14/2026,2026-08-13T07:37:30+00:00
SG,Cinema Online,weekend,2026-06-11,2026-06-14,7,5,,Michael,,2026-04-23,,,,,,,,,False,https://www.cinema.com.my/movies/charts.aspx?date=6/14/2026,2026-08-13T07:37:30+00:00
SG,Cinema Online,weekend,2026-06-11,2026-06-14,8,7,,The Devil Wears Prada 2,,2026-04-30,,,,,,,,,False,https://www.cinema.com.my/movies/charts.aspx?date=6/14/2026,2026-08-13T07:37:30+00:00
SG,Cinema Online,weekend,2026-06-11,2026-06-14,9,9,,The Sheep Detectives,,2026-05-07,,,,,,,,,False,https://www.cinema.com.my/movies/charts.aspx?date=6/14/2026,2026-08-13T07:37:30+00:00
SG,Cinema Online,weekend,2026-06-11,2026-06-14,10,6,,The Amazing Digital Circus: The Last Act,,2026-06-05,,,,,,,,,False,https://www.cinema.com.my/movies/charts.aspx?date=6/14/2026,2026-08-13T07:37:30+00:00
MY,Cinema Online,weekend,2026-06-18,2026-06-21,1,,New,Dear You,,2026-06-18,,,,,,,,,False,https://www.cinema.com.my/movies/charts.aspx?date=6/21/2026,2026-08-13T07:37:33+00:00
MY,Cinema Online,weekend,2026-06-18,2026-06-21,2,,New,Toy Story 5,,2026-06-18,,,,,,,,,False,https://www.cinema.com.my/movies/charts.aspx?date=6/21/2026,2026-08-13T07:37:33+00:00
MY,Cinema Online,weekend,2026-06-18,2026-06-21,3,2,,Khadam,,2026-06-11,,,,,,,,,False,https://www.cinema.com.my/movies/charts.aspx?date=6/21/2026,2026-08-13T07:37:33+00:00
MY,Cinema Online,weekend,2026-06-18,2026-06-21,4,1,,Colony,,2026-05-22,,,,,,,,,False,https://www.cinema.com.my/movies/charts.aspx?date=6/21/2026,2026-08-13T07:37:33+00:00
MY,Cinema Online,weekend,2026-06-18,2026-06-21,5,4,,Polong,,2026-05-28,,,,,,,,,False,https://www.cinema.com.my/movies/charts.aspx?date=6/21/2026,2026-08-13T07:37:33+00:00
MY,Cinema Online,weekend,2026-06-18,2026-06-21,6,3,,Disclosure Day,,2026-06-11,,,,,,,,,False,https://www.cinema.com.my/movies/charts.aspx?date=6/21/2026,2026-08-13T07:37:33+00:00
MY,Cinema Online,weekend,2026-06-18,2026-06-21,7,6,,The Furious,,2026-06-11,,,,,,,,,False,https://www.cinema.com.my/movies/charts.aspx?date=6/21/2026,2026-08-13T07:37:33+00:00
MY,Cinema Online,weekend,2026-06-18,2026-06-21,8,7,,Backrooms,,2026-06-04,,,,,,,,,False,https://www.cinema.com.my/movies/charts.aspx?date=6/21/2026,2026-08-13T07:37:33+00:00
MY,Cinema Online,weekend,2026-06-18,2026-06-21,9,8,,Masters Of The Universe,,2026-06-04,,,,,,,,,False,https://www.cinema.com.my/movies/charts.aspx?date=6/21/2026,2026-08-13T07:37:33+00:00
MY,Cinema Online,weekend,2026-06-18,2026-06-21,10,9,,5 Bomoh,,2026-06-04,,,,,,,,,False,https://www.cinema.com.my/movies/charts.aspx?date=6/21/2026,2026-08-13T07:37:33+00:00
SG,Cinema Online,weekend,2026-06-18,2026-06-21,1,,New,Toy Story 5,,2026-06-18,,,,,,,,,False,https://www.cinema.com.my/movies/charts.aspx?date=6/21/2026,2026-08-13T07:37:33+00:00
SG,Cinema Online,weekend,2026-06-18,2026-06-21,2,,New,Dear You,,1901-01-01,,,,,,,,,False,https://www.cinema.com.my/movies/charts.aspx?date=6/21/2026,2026-08-13T07:37:33+00:00
SG,Cinema Online,weekend,2026-06-18,2026-06-21,3,1,,Disclosure Day,,2026-06-11,,,,,,,,,False,https://www.cinema.com.my/movies/charts.aspx?date=6/21/2026,2026-08-13T07:37:33+00:00
SG,Cinema Online,weekend,2026-06-18,2026-06-21,4,,New,Backrooms,,2026-06-18,,,,,,,,,False,https://www.cinema.com.my/movies/charts.aspx?date=6/21/2026,2026-08-13T07:37:33+00:00
SG,Cinema Online,weekend,2026-06-18,2026-06-21,5,2,,Colony,,2026-05-27,,,,,,,,,False,https://www.cinema.com.my/movies/charts.aspx?date=6/21/2026,2026-08-13T07:37:33+00:00
SG,Cinema Online,weekend,2026-06-18,2026-06-21,6,4,,The Furious,,2026-06-11,,,,,,,,,False,https://www.cinema.com.my/movies/charts.aspx?date=6/21/2026,2026-08-13T07:37:33+00:00
SG,Cinema Online,weekend,2026-06-18,2026-06-21,7,3,,Masters Of The Universe,,2026-06-04,,,,,,,,,False,https://www.cinema.com.my/movies/charts.aspx?date=6/21/2026,2026-08-13T07:37:33+00:00
SG,Cinema Online,weekend,2026-06-18,2026-06-21,8,5,,Dream Stall,,2026-05-27,,,,,,,,,False,https://www.cinema.com.my/movies/charts.aspx?date=6/21/2026,2026-08-13T07:37:33+00:00
SG,Cinema Online,weekend,2026-06-18,2026-06-21,9,6,,The Mandalorian And Grogu,,2026-05-21,,,,,,,,,False,https://www.cinema.com.my/movies/charts.aspx?date=6/21/2026,2026-08-13T07:37:33+00:00
SG,Cinema Online,weekend,2026-06-18,2026-06-21,10,7,,Michael,,2026-04-23,,,,,,,,,False,https://www.cinema.com.my/movies/charts.aspx?date=6/21/2026,2026-08-13T07:37:33+00:00
MY,Cinema Online,weekend,2026-06-25,2026-06-28,1,1,,Dear You,,2026-06-18,,,,,,,,,False,https://www.cinema.com.my/movies/charts.aspx?date=6/28/2026,2026-08-13T07:37:37+00:00
MY,Cinema Online,weekend,2026-06-25,2026-06-28,2,2,,Toy Story 5,,2026-06-18,,,,,,,,,False,https://www.cinema.com.my/movies/charts.aspx?date=6/28/2026,2026-08-13T07:37:37+00:00
MY,Cinema Online,weekend,2026-06-25,2026-06-28,3,,New,Obsession,,2026-06-25,,,,,,,,,False,https://www.cinema.com.my/movies/charts.aspx?date=6/28/2026,2026-08-13T07:37:37+00:00
MY,Cinema Online,weekend,2026-06-25,2026-06-28,4,,New,Supergirl,,2026-06-25,,,,,,,,,False,https://www.cinema.com.my/movies/charts.aspx?date=6/28/2026,2026-08-13T07:37:37+00:00
MY,Cinema Online,weekend,2026-06-25,2026-06-28,5,3,,Khadam,,2026-06-11,,,,,,,,,False,https://www.cinema.com.my/movies/charts.aspx?date=6/28/2026,2026-08-13T07:37:37+00:00
MY,Cinema Online,weekend,2026-06-25,2026-06-28,6,4,,Colony,,2026-05-22,,,,,,,,,False,https://www.cinema.com.my/movies/charts.aspx?date=6/28/2026,2026-08-13T07:37:37+00:00
MY,Cinema Online,weekend,2026-06-25,2026-06-28,7,,New,Badut Gendong,,2026-06-25,,,,,,,,,False,https://www.cinema.com.my/movies/charts.aspx?date=6/28/2026,2026-08-13T07:37:37+00:00
MY,Cinema Online,weekend,2026-06-25,2026-06-28,8,5,,Polong,,2026-05-28,,,,,,,,,False,https://www.cinema.com.my/movies/charts.aspx?date=6/28/2026,2026-08-13T07:37:37+00:00
MY,Cinema Online,weekend,2026-06-25,2026-06-28,9,,New,PLAVE Asia Tour [DASH: Quantum Leap] Encore In Cinemas,,2026-06-26,,,,,,,,,False,https://www.cinema.com.my/movies/charts.aspx?date=6/28/2026,2026-08-13T07:37:37+00:00
MY,Cinema Online,weekend,2026-06-25,2026-06-28,10,7,,The Furious,,2026-06-11,,,,,,,,,False,https://www.cinema.com.my/movies/charts.aspx?date=6/28/2026,2026-08-13T07:37:37+00:00
SG,Cinema Online,weekend,2026-06-25,2026-06-28,1,1,,Toy Story 5,,2026-06-18,,,,,,,,,False,https://www.cinema.com.my/movies/charts.aspx?date=6/28/2026,2026-08-13T07:37:37+00:00
SG,Cinema Online,weekend,2026-06-25,2026-06-28,2,2,,Dear You,,2026-06-18,,,,,,,,,False,https://www.cinema.com.my/movies/charts.aspx?date=6/28/2026,2026-08-13T07:37:37+00:00
SG,Cinema Online,weekend,2026-06-25,2026-06-28,3,,New,Supergirl,,2026-06-25,,,,,,,,,False,https://www.cinema.com.my/movies/charts.aspx?date=6/28/2026,2026-08-13T07:37:37+00:00
SG,Cinema Online,weekend,2026-06-25,2026-06-28,4,,New,Obsession,,2026-06-11,,,,,,,,,False,https://www.cinema.com.my/movies/charts.aspx?date=6/28/2026,2026-08-13T07:37:37+00:00
SG,Cinema Online,weekend,2026-06-25,2026-06-28,5,4,,Backrooms,,2026-06-18,,,,,,,,,False,https://www.cinema.com.my/movies/charts.aspx?date=6/28/2026,2026-08-13T07:37:37+00:00
SG,Cinema Online,weekend,2026-06-25,2026-06-28,6,3,,Disclosure Day,,2026-06-11,,,,,,,,,False,https://www.cinema.com.my/movies/charts.aspx?date=6/28/2026,2026-08-13T07:37:37+00:00
SG,Cinema Online,weekend,2026-06-25,2026-06-28,7,5,,Colony,,2026-05-27,,,,,,,,,False,https://www.cinema.com.my/movies/charts.aspx?date=6/28/2026,2026-08-13T07:37:37+00:00
SG,Cinema Online,weekend,2026-06-25,2026-06-28,8,8,,Dream Stall,,2026-05-27,,,,,,,,,False,https://www.cinema.com.my/movies/charts.aspx?date=6/28/2026,2026-08-13T07:37:37+00:00
SG,Cinema Online,weekend,2026-06-25,2026-06-28,9,7,,Masters Of The Universe,,2026-06-04,,,,,,,,,False,https://www.cinema.com.my/movies/charts.aspx?date=6/28/2026,2026-08-13T07:37:37+00:00
SG,Cinema Online,weekend,2026-06-25,2026-06-28,10,6,,The Furious,,2026-06-11,,,,,,,,,False,https://www.cinema.com.my/movies/charts.aspx?date=6/28/2026,2026-08-13T07:37:37+00:00
MY,Cinema Online,weekend,2026-07-02,2026-07-05,1,,New,Minions & Monsters,,2026-07-01,,,,,,,,,False,https://www.cinema.com.my/movies/charts.aspx?date=7/5/2026,2026-08-13T07:37:41+00:00
MY,Cinema Online,weekend,2026-07-02,2026-07-05,2,1,,Dear You,,2026-06-18,,,,,,,,,False,https://www.cinema.com.my/movies/charts.aspx?date=7/5/2026,2026-08-13T07:37:41+00:00
MY,Cinema Online,weekend,2026-07-02,2026-07-05,3,3,,Obsession,,2026-06-25,,,,,,,,,False,https://www.cinema.com.my/movies/charts.aspx?date=7/5/2026,2026-08-13T07:37:41+00:00
MY,Cinema Online,weekend,2026-07-02,2026-07-05,4,2,,Toy Story 5,,2026-06-18,,,,,,,,,False,https://www.cinema.com.my/movies/charts.aspx?date=7/5/2026,2026-08-13T07:37:41+00:00
MY,Cinema Online,weekend,2026-07-02,2026-07-05,5,4,,Supergirl,,2026-06-25,,,,,,,,,False,https://www.cinema.com.my/movies/charts.aspx?date=7/5/2026,2026-08-13T07:37:41+00:00
MY,Cinema Online,weekend,2026-07-02,2026-07-05,6,,New,Gatta Kusthi 2,,2026-07-03,,,,,,,,,False,https://www.cinema.com.my/movies/charts.aspx?date=7/5/2026,2026-08-13T07:37:41+00:00
MY,Cinema Online,weekend,2026-07-02,2026-07-05,7,7,,Badut Gendong,,2026-06-25,,,,,,,,,False,https://www.cinema.com.my/movies/charts.aspx?date=7/5/2026,2026-08-13T07:37:41+00:00
MY,Cinema Online,weekend,2026-07-02,2026-07-05,8,5,,Khadam,,2026-06-11,,,,,,,,,False,https://www.cinema.com.my/movies/charts.aspx?date=7/5/2026,2026-08-13T07:37:41+00:00
MY,Cinema Online,weekend,2026-07-02,2026-07-05,9,,New,The Bay,,2026-07-02,,,,,,,,,False,https://www.cinema.com.my/movies/charts.aspx?date=7/5/2026,2026-08-13T07:37:41+00:00
MY,Cinema Online,weekend,2026-07-02,2026-07-05,10,6,,Colony,,2026-05-22,,,,,,,,,False,https://www.cinema.com.my/movies/charts.aspx?date=7/5/2026,2026-08-13T07:37:41+00:00
SG,Cinema Online,weekend,2026-07-02,2026-07-05,1,,New,Minions & Monsters,,2026-07-01,,,,,,,,,False,https://www.cinema.com.my/movies/charts.aspx?date=7/5/2026,2026-08-13T07:37:41+00:00
SG,Cinema Online,weekend,2026-07-02,2026-07-05,2,2,,Dear You,,2026-06-18,,,,,,,,,False,https://www.cinema.com.my/movies/charts.aspx?date=7/5/2026,2026-08-13T07:37:41+00:00
SG,Cinema Online,weekend,2026-07-02,2026-07-05,3,1,,Toy Story 5,,2026-06-18,,,,,,,,,False,https://www.cinema.com.my/movies/charts.aspx?date=7/5/2026,2026-08-13T07:37:41+00:00
SG,Cinema Online,weekend,2026-07-02,2026-07-05,4,4,,Obsession,,2026-06-11,,,,,,,,,False,https://www.cinema.com.my/movies/charts.aspx?date=7/5/2026,2026-08-13T07:37:41+00:00
SG,Cinema Online,weekend,2026-07-02,2026-07-05,5,3,,Supergirl,,2026-06-25,,,,,,,,,False,https://www.cinema.com.my/movies/charts.aspx?date=7/5/2026,2026-08-13T07:37:41+00:00
SG,Cinema Online,weekend,2026-07-02,2026-07-05,6,5,,Backrooms,,2026-06-18,,,,,,,,,False,https://www.cinema.com.my/movies/charts.aspx?date=7/5/2026,2026-08-13T07:37:41+00:00
SG,Cinema Online,weekend,2026-07-02,2026-07-05,7,,New,The Invite,,2026-07-02,,,,,,,,,False,https://www.cinema.com.my/movies/charts.aspx?date=7/5/2026,2026-08-13T07:37:41+00:00
SG,Cinema Online,weekend,2026-07-02,2026-07-05,8,7,,Colony,,2026-05-27,,,,,,,,,False,https://www.cinema.com.my/movies/charts.aspx?date=7/5/2026,2026-08-13T07:37:41+00:00
SG,Cinema Online,weekend,2026-07-02,2026-07-05,9,6,,Disclosure Day,,2026-06-11,,,,,,,,,False,https://www.cinema.com.my/movies/charts.aspx?date=7/5/2026,2026-08-13T07:37:41+00:00
SG,Cinema Online,weekend,2026-07-02,2026-07-05,10,10,,The Furious,,2026-06-11,,,,,,,,,False,https://www.cinema.com.my/movies/charts.aspx?date=7/5/2026,2026-08-13T07:37:41+00:00
MY,Cinema Online,weekend,2026-07-09,2026-07-12,1,,New,Evil Dead Burn,,2026-07-09,,,,,,,,,False,https://www.cinema.com.my/movies/charts.aspx?date=7/12/2026,2026-08-13T07:37:45+00:00
MY,Cinema Online,weekend,2026-07-09,2026-07-12,2,1,,Minions & Monsters,,2026-07-01,,,,,,,,,False,https://www.cinema.com.my/movies/charts.aspx?date=7/12/2026,2026-08-13T07:37:45+00:00
MY,Cinema Online,weekend,2026-07-09,2026-07-12,3,,New,Moana,,2026-07-09,,,,,,,,,False,https://www.cinema.com.my/movies/charts.aspx?date=7/12/2026,2026-08-13T07:37:45+00:00
MY,Cinema Online,weekend,2026-07-09,2026-07-12,4,2,,Dear You,,2026-06-18,,,,,,,,,False,https://www.cinema.com.my/movies/charts.aspx?date=7/12/2026,2026-08-13T07:37:45+00:00
MY,Cinema Online,weekend,2026-07-09,2026-07-12,5,3,,Obsession,,2026-06-25,,,,,,,,,False,https://www.cinema.com.my/movies/charts.aspx?date=7/12/2026,2026-08-13T07:37:45+00:00
MY,Cinema Online,weekend,2026-07-09,2026-07-12,6,4,,Toy Story 5,,2026-06-18,,,,,,,,,False,https://www.cinema.com.my/movies/charts.aspx?date=7/12/2026,2026-08-13T07:37:45+00:00
MY,Cinema Online,weekend,2026-07-09,2026-07-12,7,,New,Hold To Death: Hand In Hand,,2026-07-09,,,,,,,,,False,https://www.cinema.com.my/movies/charts.aspx?date=7/12/2026,2026-08-13T07:37:45+00:00
MY,Cinema Online,weekend,2026-07-09,2026-07-12,8,,New,Idhayam Murali,,2026-07-10,,,,,,,,,False,https://www.cinema.com.my/movies/charts.aspx?date=7/12/2026,2026-08-13T07:37:45+00:00
MY,Cinema Online,weekend,2026-07-09,2026-07-12,9,6,,Gatta Kusthi 2,,2026-07-03,,,,,,,,,False,https://www.cinema.com.my/movies/charts.aspx?date=7/12/2026,2026-08-13T07:37:45+00:00
MY,Cinema Online,weekend,2026-07-09,2026-07-12,10,7,,Badut Gendong,,2026-06-25,,,,,,,,,False,https://www.cinema.com.my/movies/charts.aspx?date=7/12/2026,2026-08-13T07:37:45+00:00
SG,Cinema Online,weekend,2026-07-09,2026-07-12,1,2,,Dear You,,2026-06-18,,,,,,,,,False,https://www.cinema.com.my/movies/charts.aspx?date=7/12/2026,2026-08-13T07:37:45+00:00
SG,Cinema Online,weekend,2026-07-09,2026-07-12,2,1,,Minions & Monsters,,2026-07-01,,,,,,,,,False,https://www.cinema.com.my/movies/charts.aspx?date=7/12/2026,2026-08-13T07:37:45+00:00
SG,Cinema Online,weekend,2026-07-09,2026-07-12,3,,New,Moana,,2026-07-09,,,,,,,,,False,https://www.cinema.com.my/movies/charts.aspx?date=7/12/2026,2026-08-13T07:37:45+00:00
SG,Cinema Online,weekend,2026-07-09,2026-07-12,4,3,,Toy Story 5,,2026-06-18,,,,,,,,,False,https://www.cinema.com.my/movies/charts.aspx?date=7/12/2026,2026-08-13T07:37:45+00:00
SG,Cinema Online,weekend,2026-07-09,2026-07-12,5,4,,Obsession,,2026-06-11,,,,,,,,,False,https://www.cinema.com.my/movies/charts.aspx?date=7/12/2026,2026-08-13T07:37:45+00:00
SG,Cinema Online,weekend,2026-07-09,2026-07-12,6,,New,Evil Dead Burn,,2026-07-09,,,,,,,,,False,https://www.cinema.com.my/movies/charts.aspx?date=7/12/2026,2026-08-13T07:37:45+00:00
SG,Cinema Online,weekend,2026-07-09,2026-07-12,7,5,,Supergirl,,2026-06-25,,,,,,,,,False,https://www.cinema.com.my/movies/charts.aspx?date=7/12/2026,2026-08-13T07:37:45+00:00
SG,Cinema Online,weekend,2026-07-09,2026-07-12,8,,New,Backrooms: Everything Must Go Edition (Bonus Footage),,2026-06-18,,,,,,,,,False,https://www.cinema.com.my/movies/charts.aspx?date=7/12/2026,2026-08-13T07:37:45+00:00
SG,Cinema Online,weekend,2026-07-09,2026-07-12,9,7,,The Invite,,2026-07-02,,,,,,,,,False,https://www.cinema.com.my/movies/charts.aspx?date=7/12/2026,2026-08-13T07:37:45+00:00
SG,Cinema Online,weekend,2026-07-09,2026-07-12,10,,New,Crossing,,2026-07-09,,,,,,,,,False,https://www.cinema.com.my/movies/charts.aspx?date=7/12/2026,2026-08-13T07:37:45+00:00
MY,Cinema Online,weekend,2026-07-16,2026-07-19,1,,New,The Odyssey,,2026-07-16,,,,,,,,,False,https://www.cinema.com.my/movies/charts.aspx?date=7/19/2026,2026-08-13T07:37:48+00:00
MY,Cinema Online,weekend,2026-07-16,2026-07-19,2,2,,Minions & Monsters,,2026-07-01,,,,,,,,,False,https://www.cinema.com.my/movies/charts.aspx?date=7/19/2026,2026-08-13T07:37:48+00:00
MY,Cinema Online,weekend,2026-07-16,2026-07-19,3,1,,Evil Dead Burn,,2026-07-09,,,,,,,,,False,https://www.cinema.com.my/movies/charts.aspx?date=7/19/2026,2026-08-13T07:37:48+00:00
MY,Cinema Online,weekend,2026-07-16,2026-07-19,4,3,,Moana,,2026-07-09,,,,,,,,,False,https://www.cinema.com.my/movies/charts.aspx?date=7/19/2026,2026-08-13T07:37:48+00:00
MY,Cinema Online,weekend,2026-07-16,2026-07-19,5,4,,Dear You,,2026-06-18,,,,,,,,,False,https://www.cinema.com.my/movies/charts.aspx?date=7/19/2026,2026-08-13T07:37:48+00:00
MY,Cinema Online,weekend,2026-07-16,2026-07-19,6,5,,Obsession,,2026-06-25,,,,,,,,,False,https://www.cinema.com.my/movies/charts.aspx?date=7/19/2026,2026-08-13T07:37:48+00:00
MY,Cinema Online,weekend,2026-07-16,2026-07-19,7,6,,Toy Story 5,,2026-06-18,,,,,,,,,False,https://www.cinema.com.my/movies/charts.aspx?date=7/19/2026,2026-08-13T07:37:48+00:00
MY,Cinema Online,weekend,2026-07-16,2026-07-19,8,,New,ONE OK ROCK Detox Japan Tour 2025 At Nissan Stadium In Cinemas,,2026-07-16,,,,,,,,,False,https://www.cinema.com.my/movies/charts.aspx?date=7/19/2026,2026-08-13T07:37:48+00:00
MY,Cinema Online,weekend,2026-07-16,2026-07-19,9,7,,Hold To Death: Hand In Hand,,2026-07-09,,,,,,,,,False,https://www.cinema.com.my/movies/charts.aspx?date=7/19/2026,2026-08-13T07:37:48+00:00
MY,Cinema Online,weekend,2026-07-16,2026-07-19,10,,New,The Shrine,,2026-07-16,,,,,,,,,False,https://www.cinema.com.my/movies/charts.aspx?date=7/19/2026,2026-08-13T07:37:48+00:00
SG,Cinema Online,weekend,2026-07-16,2026-07-19,1,,New,The Odyssey,,2026-07-16,,,,,,,,,False,https://www.cinema.com.my/movies/charts.aspx?date=7/19/2026,2026-08-13T07:37:48+00:00
SG,Cinema Online,weekend,2026-07-16,2026-07-19,2,1,,Dear You,,2026-06-18,,,,,,,,,False,https://www.cinema.com.my/movies/charts.aspx?date=7/19/2026,2026-08-13T07:37:48+00:00
SG,Cinema Online,weekend,2026-07-16,2026-07-19,3,2,,Minions & Monsters,,2026-07-01,,,,,,,,,False,https://www.cinema.com.my/movies/charts.aspx?date=7/19/2026,2026-08-13T07:37:48+00:00
SG,Cinema Online,weekend,2026-07-16,2026-07-19,4,3,,Moana,,2026-07-09,,,,,,,,,False,https://www.cinema.com.my/movies/charts.aspx?date=7/19/2026,2026-08-13T07:37:48+00:00
SG,Cinema Online,weekend,2026-07-16,2026-07-19,5,4,,Toy Story 5,,2026-06-18,,,,,,,,,False,https://www.cinema.com.my/movies/charts.aspx?date=7/19/2026,2026-08-13T07:37:48+00:00
SG,Cinema Online,weekend,2026-07-16,2026-07-19,6,5,,Obsession,,2026-06-11,,,,,,,,,False,https://www.cinema.com.my/movies/charts.aspx?date=7/19/2026,2026-08-13T07:37:48+00:00
SG,Cinema Online,weekend,2026-07-16,2026-07-19,7,6,,Evil Dead Burn,,2026-07-09,,,,,,,,,False,https://www.cinema.com.my/movies/charts.aspx?date=7/19/2026,2026-08-13T07:37:48+00:00
SG,Cinema Online,weekend,2026-07-16,2026-07-19,8,8,,Backrooms: Everything Must Go Edition (Bonus Footage),,2026-06-18,,,,,,,,,False,https://www.cinema.com.my/movies/charts.aspx?date=7/19/2026,2026-08-13T07:37:48+00:00
SG,Cinema Online,weekend,2026-07-16,2026-07-19,9,7,,Supergirl,,2026-06-25,,,,,,,,,False,https://www.cinema.com.my/movies/charts.aspx?date=7/19/2026,2026-08-13T07:37:48+00:00
SG,Cinema Online,weekend,2026-07-16,2026-07-19,10,9,,The Invite,,2026-07-02,,,,,,,,,False,https://www.cinema.com.my/movies/charts.aspx?date=7/19/2026,2026-08-13T07:37:48+00:00
MY,Cinema Online,weekend,2026-07-23,2026-07-26,1,,New,Jana Nayagan,,2026-07-23,,,,,,,,,False,https://www.cinema.com.my/movies/charts.aspx?date=7/26/2026,2026-08-13T07:37:52+00:00
MY,Cinema Online,weekend,2026-07-23,2026-07-26,2,1,,The Odyssey,,2026-07-16,,,,,,,,,False,https://www.cinema.com.my/movies/charts.aspx?date=7/26/2026,2026-08-13T07:37:52+00:00
MY,Cinema Online,weekend,2026-07-23,2026-07-26,3,2,,Minions & Monsters,,2026-07-01,,,,,,,,,False,https://www.cinema.com.my/movies/charts.aspx?date=7/26/2026,2026-08-13T07:37:52+00:00
MY,Cinema Online,weekend,2026-07-23,2026-07-26,4,4,,Moana,,2026-07-09,,,,,,,,,False,https://www.cinema.com.my/movies/charts.aspx?date=7/26/2026,2026-08-13T07:37:52+00:00
MY,Cinema Online,weekend,2026-07-23,2026-07-26,5,3,,Evil Dead Burn,,2026-07-09,,,,,,,,,False,https://www.cinema.com.my/movies/charts.aspx?date=7/26/2026,2026-08-13T07:37:52+00:00
MY,Cinema Online,weekend,2026-07-23,2026-07-26,6,5,,Dear You,,2026-06-18,,,,,,,,,False,https://www.cinema.com.my/movies/charts.aspx?date=7/26/2026,2026-08-13T07:37:52+00:00
MY,Cinema Online,weekend,2026-07-23,2026-07-26,7,6,,Obsession,,2026-06-25,,,,,,,,,False,https://www.cinema.com.my/movies/charts.aspx?date=7/26/2026,2026-08-13T07:37:52+00:00
MY,Cinema Online,weekend,2026-07-23,2026-07-26,8,,New,It,,2026-07-23,,,,,,,,,False,https://www.cinema.com.my/movies/charts.aspx?date=7/26/2026,2026-08-13T07:37:52+00:00
MY,Cinema Online,weekend,2026-07-23,2026-07-26,9,7,,Toy Story 5,,2026-06-18,,,,,,,,,False,https://www.cinema.com.my/movies/charts.aspx?date=7/26/2026,2026-08-13T07:37:52+00:00
MY,Cinema Online,weekend,2026-07-23,2026-07-26,10,,New,Mojoku Hilang,,2026-07-23,,,,,,,,,False,https://www.cinema.com.my/movies/charts.aspx?date=7/26/2026,2026-08-13T07:37:52+00:00
SG,Cinema Online,weekend,2026-07-23,2026-07-26,1,1,,The Odyssey,,2026-07-16,,,,,,,,,False,https://www.cinema.com.my/movies/charts.aspx?date=7/26/2026,2026-08-13T07:37:52+00:00
SG,Cinema Online,weekend,2026-07-23,2026-07-26,2,2,,Dear You,,2026-06-18,,,,,,,,,False,https://www.cinema.com.my/movies/charts.aspx?date=7/26/2026,2026-08-13T07:37:52+00:00
SG,Cinema Online,weekend,2026-07-23,2026-07-26,3,3,,Minions & Monsters,,2026-07-01,,,,,,,,,False,https://www.cinema.com.my/movies/charts.aspx?date=7/26/2026,2026-08-13T07:37:52+00:00
SG,Cinema Online,weekend,2026-07-23,2026-07-26,4,4,,Moana,,2026-07-09,,,,,,,,,False,https://www.cinema.com.my/movies/charts.aspx?date=7/26/2026,2026-08-13T07:37:52+00:00
SG,Cinema Online,weekend,2026-07-23,2026-07-26,5,5,,Toy Story 5,,2026-06-18,,,,,,,,,False,https://www.cinema.com.my/movies/charts.aspx?date=7/26/2026,2026-08-13T07:37:52+00:00
SG,Cinema Online,weekend,2026-07-23,2026-07-26,6,6,,Obsession,,2026-06-11,,,,,,,,,False,https://www.cinema.com.my/movies/charts.aspx?date=7/26/2026,2026-08-13T07:37:52+00:00
SG,Cinema Online,weekend,2026-07-23,2026-07-26,7,7,,Evil Dead Burn,,2026-07-09,,,,,,,,,False,https://www.cinema.com.my/movies/charts.aspx?date=7/26/2026,2026-08-13T07:37:52+00:00
SG,Cinema Online,weekend,2026-07-23,2026-07-26,8,8,,Backrooms: Everything Must Go Edition (Bonus Footage),,2026-06-18,,,,,,,,,False,https://www.cinema.com.my/movies/charts.aspx?date=7/26/2026,2026-08-13T07:37:52+00:00
SG,Cinema Online,weekend,2026-07-23,2026-07-26,9,,New,It,,2026-07-23,,,,,,,,,False,https://www.cinema.com.my/movies/charts.aspx?date=7/26/2026,2026-08-13T07:37:52+00:00
SG,Cinema Online,weekend,2026-07-23,2026-07-26,10,10,,The Invite,,2026-07-02,,,,,,,,,False,https://www.cinema.com.my/movies/charts.aspx?date=7/26/2026,2026-08-13T07:37:52+00:00
MY,Cinema Online,weekend,2026-07-30,2026-08-02,1,,New,Spider-Man: Brand New Day,,2026-07-30,,,,,,,,,False,https://www.cinema.com.my/movies/charts.aspx?date=8/2/2026,2026-08-13T07:37:56+00:00
MY,Cinema Online,weekend,2026-07-30,2026-08-02,2,2,,The Odyssey,,2026-07-16,,,,,,,,,False,https://www.cinema.com.my/movies/charts.aspx?date=8/2/2026,2026-08-13T07:37:56+00:00
MY,Cinema Online,weekend,2026-07-30,2026-08-02,3,1,,Jana Nayagan,,2026-07-23,,,,,,,,,False,https://www.cinema.com.my/movies/charts.aspx?date=8/2/2026,2026-08-13T07:37:56+00:00
MY,Cinema Online,weekend,2026-07-30,2026-08-02,4,3,,Minions & Monsters,,2026-07-01,,,,,,,,,False,https://www.cinema.com.my/movies/charts.aspx?date=8/2/2026,2026-08-13T07:37:56+00:00
MY,Cinema Online,weekend,2026-07-30,2026-08-02,5,4,,Moana,,2026-07-09,,,,,,,,,False,https://www.cinema.com.my/movies/charts.aspx?date=8/2/2026,2026-08-13T07:37:56+00:00
MY,Cinema Online,weekend,2026-07-30,2026-08-02,6,6,,Dear You,,2026-06-18,,,,,,,,,False,https://www.cinema.com.my/movies/charts.aspx?date=8/2/2026,2026-08-13T07:37:56+00:00
MY,Cinema Online,weekend,2026-07-30,2026-08-02,7,8,,It,,2026-07-23,,,,,,,,,False,https://www.cinema.com.my/movies/charts.aspx?date=8/2/2026,2026-08-13T07:37:56+00:00
MY,Cinema Online,weekend,2026-07-30,2026-08-02,8,5,,Evil Dead Burn,,2026-07-09,,,,,,,,,False,https://www.cinema.com.my/movies/charts.aspx?date=8/2/2026,2026-08-13T07:37:56+00:00
MY,Cinema Online,weekend,2026-07-30,2026-08-02,9,7,,Obsession,,2026-06-25,,,,,,,,,False,https://www.cinema.com.my/movies/charts.aspx?date=8/2/2026,2026-08-13T07:37:56+00:00
MY,Cinema Online,weekend,2026-07-30,2026-08-02,10,9,,Toy Story 5,,2026-06-18,,,,,,,,,False,https://www.cinema.com.my/movies/charts.aspx?date=8/2/2026,2026-08-13T07:37:56+00:00
SG,Cinema Online,weekend,2026-07-30,2026-08-02,1,,New,Spider-Man: Brand New Day,,2026-07-30,,,,,,,,,False,https://www.cinema.com.my/movies/charts.aspx?date=8/2/2026,2026-08-13T07:37:56+00:00
SG,Cinema Online,weekend,2026-07-30,2026-08-02,2,1,,The Odyssey,,2026-07-16,,,,,,,,,False,https://www.cinema.com.my/movies/charts.aspx?date=8/2/2026,2026-08-13T07:37:56+00:00
SG,Cinema Online,weekend,2026-07-30,2026-08-02,3,2,,Dear You,,2026-06-18,,,,,,,,,False,https://www.cinema.com.my/movies/charts.aspx?date=8/2/2026,2026-08-13T07:37:56+00:00
SG,Cinema Online,weekend,2026-07-30,2026-08-02,4,3,,Minions & Monsters,,2026-07-01,,,,,,,,,False,https://www.cinema.com.my/movies/charts.aspx?date=8/2/2026,2026-08-13T07:37:56+00:00
SG,Cinema Online,weekend,2026-07-30,2026-08-02,5,4,,Moana,,2026-07-09,,,,,,,,,False,https://www.cinema.com.my/movies/charts.aspx?date=8/2/2026,2026-08-13T07:37:56+00:00
SG,Cinema Online,weekend,2026-07-30,2026-08-02,6,6,,Obsession,,2026-06-11,,,,,,,,,False,https://www.cinema.com.my/movies/charts.aspx?date=8/2/2026,2026-08-13T07:37:56+00:00
SG,Cinema Online,weekend,2026-07-30,2026-08-02,7,5,,Toy Story 5,,2026-06-18,,,,,,,,,False,https://www.cinema.com.my/movies/charts.aspx?date=8/2/2026,2026-08-13T07:37:56+00:00
SG,Cinema Online,weekend,2026-07-30,2026-08-02,8,8,,Backrooms: Everything Must Go Edition (Bonus Footage),,2026-06-18,,,,,,,,,False,https://www.cinema.com.my/movies/charts.aspx?date=8/2/2026,2026-08-13T07:37:56+00:00
SG,Cinema Online,weekend,2026-07-30,2026-08-02,9,7,,Evil Dead Burn,,2026-07-09,,,,,,,,,False,https://www.cinema.com.my/movies/charts.aspx?date=8/2/2026,2026-08-13T07:37:56+00:00
SG,Cinema Online,weekend,2026-07-30,2026-08-02,10,10,,The Invite,,2026-07-02,,,,,,,,,False,https://www.cinema.com.my/movies/charts.aspx?date=8/2/2026,2026-08-13T07:37:56+00:00
ID,Cinepoint,weekly,2026-08-03,2026-08-09,1,,,Spider-Man: Brand New Day,,,,,,,2193306,82447,,5342590,True,https://cinepoint.com/home,2026-08-13T07:23:10+00:00
ID,Cinepoint,weekly,2026-08-03,2026-08-09,2,,,The Odyssey,,,,,,,229241,40111,,1805407,True,https://cinepoint.com/home,2026-08-13T07:23:10+00:00
ID,Cinepoint,weekly,2026-08-03,2026-08-09,3,,,Kado Untuk Ibu,,,,,,,111104,5184,,111104,True,https://cinepoint.com/home,2026-08-13T07:23:10+00:00
ID,Cinepoint,weekly,2026-08-03,2026-08-09,4,,,Deep Water,,,,,,,79897,3314,,79897,True,https://cinepoint.com/home,2026-08-13T07:23:10+00:00
ID,Cinepoint,weekly,2026-08-03,2026-08-09,5,,,Sajen Satu Suro,,,,,,,74657,6179,,167252,True,https://cinepoint.com/home,2026-08-13T07:23:10+00:00
ID,Cinepoint,weekly,2026-08-03,2026-08-09,6,,,Dear You,,,,,,,61655,1655,,61655,True,https://cinepoint.com/home,2026-08-13T07:23:10+00:00
ID,Cinepoint,weekly,2026-08-03,2026-08-09,7,,,Jangan Buang Ibu,,,,,,,17688,63674,,3351616,True,https://cinepoint.com/home,2026-08-13T07:23:10+00:00
ID,Cinepoint,weekly,2026-08-03,2026-08-09,8,,,Cek Khodam,,,,,,,14200,15402,,404938,True,https://cinepoint.com/home,2026-08-13T07:23:10+00:00
ID,Cinepoint,weekly,2026-08-03,2026-08-09,9,,,Maju: Jejak Pahit Si Kembang Gula,,,,,,,14023,1503,,14023,True,https://cinepoint.com/home,2026-08-13T07:23:10+00:00
ID,Cinepoint,weekly,2026-08-03,2026-08-09,10,,,Moana,,,,,,,11214,29138,,738815,True,https://cinepoint.com/home,2026-08-13T07:23:10+00:00
MY,Cinema Online,weekend,2026-08-06,2026-08-09,1,1,,Spider-Man: Brand New Day,,2026-07-30,,,,,,,,,False,https://www.cinema.com.my/movies/charts.aspx?date=8/9/2026,2026-08-13T07:38:00+00:00
MY,Cinema Online,weekend,2026-08-06,2026-08-09,2,2,,The Odyssey,,2026-07-16,,,,,,,,,False,https://www.cinema.com.my/movies/charts.aspx?date=8/9/2026,2026-08-13T07:38:00+00:00
MY,Cinema Online,weekend,2026-08-06,2026-08-09,3,3,,Jana Nayagan,,2026-07-23,,,,,,,,,False,https://www.cinema.com.my/movies/charts.aspx?date=8/9/2026,2026-08-13T07:38:00+00:00
MY,Cinema Online,weekend,2026-08-06,2026-08-09,4,,New,DC,,2026-08-07,,,,,,,,,False,https://www.cinema.com.my/movies/charts.aspx?date=8/9/2026,2026-08-13T07:38:00+00:00
MY,Cinema Online,weekend,2026-08-06,2026-08-09,5,,New,Tiket Sehala,,2026-08-06,,,,,,,,,False,https://www.cinema.com.my/movies/charts.aspx?date=8/9/2026,2026-08-13T07:38:00+00:00
MY,Cinema Online,weekend,2026-08-06,2026-08-09,6,,New,Siccin 9,,2026-08-06,,,,,,,,,False,https://www.cinema.com.my/movies/charts.aspx?date=8/9/2026,2026-08-13T07:38:00+00:00
MY,Cinema Online,weekend,2026-08-06,2026-08-09,7,,New,Possessed,,2026-08-06,,,,,,,,,False,https://www.cinema.com.my/movies/charts.aspx?date=8/9/2026,2026-08-13T07:38:00+00:00
MY,Cinema Online,weekend,2026-08-06,2026-08-09,8,,New,ATEEZ: Light The Way In Cinemas,,2026-08-06,,,,,,,,,False,https://www.cinema.com.my/movies/charts.aspx?date=8/9/2026,2026-08-13T07:38:00+00:00
MY,Cinema Online,weekend,2026-08-06,2026-08-09,9,,New,2026 Aespa Live Tour - Synk: Complaexity In Cinemas,,2026-08-07,,,,,,,,,False,https://www.cinema.com.my/movies/charts.aspx?date=8/9/2026,2026-08-13T07:38:00+00:00
MY,Cinema Online,weekend,2026-08-06,2026-08-09,10,4,,Minions & Monsters,,2026-07-01,,,,,,,,,False,https://www.cinema.com.my/movies/charts.aspx?date=8/9/2026,2026-08-13T07:38:00+00:00
SG,Cinema Online,weekend,2026-08-06,2026-08-09,1,1,,Spider-Man: Brand New Day,,2026-07-30,,,,,,,,,False,https://www.cinema.com.my/movies/charts.aspx?date=8/9/2026,2026-08-13T07:38:00+00:00
SG,Cinema Online,weekend,2026-08-06,2026-08-09,2,2,,The Odyssey,,2026-07-16,,,,,,,,,False,https://www.cinema.com.my/movies/charts.aspx?date=8/9/2026,2026-08-13T07:38:00+00:00
SG,Cinema Online,weekend,2026-08-06,2026-08-09,3,,New,Kung Fu Soccer,,2026-08-06,,,,,,,,,False,https://www.cinema.com.my/movies/charts.aspx?date=8/9/2026,2026-08-13T07:38:00+00:00
SG,Cinema Online,weekend,2026-08-06,2026-08-09,4,,New,Paw Patrol: The Dino Movie,,2026-08-06,,,,,,,,,False,https://www.cinema.com.my/movies/charts.aspx?date=8/9/2026,2026-08-13T07:38:00+00:00
SG,Cinema Online,weekend,2026-08-06,2026-08-09,5,3,,Dear You,,2026-06-18,,,,,,,,,False,https://www.cinema.com.my/movies/charts.aspx?date=8/9/2026,2026-08-13T07:38:00+00:00
SG,Cinema Online,weekend,2026-08-06,2026-08-09,6,4,,Minions & Monsters,,2026-07-01,,,,,,,,,False,https://www.cinema.com.my/movies/charts.aspx?date=8/9/2026,2026-08-13T07:38:00+00:00
SG,Cinema Online,weekend,2026-08-06,2026-08-09,7,6,,Obsession,,2026-06-11,,,,,,,,,False,https://www.cinema.com.my/movies/charts.aspx?date=8/9/2026,2026-08-13T07:38:00+00:00
SG,Cinema Online,weekend,2026-08-06,2026-08-09,8,7,,Toy Story 5,,2026-06-18,,,,,,,,,False,https://www.cinema.com.my/movies/charts.aspx?date=8/9/2026,2026-08-13T07:38:00+00:00
SG,Cinema Online,weekend,2026-08-06,2026-08-09,9,5,,Moana,,2026-07-09,,,,,,,,,False,https://www.cinema.com.my/movies/charts.aspx?date=8/9/2026,2026-08-13T07:38:00+00:00
SG,Cinema Online,weekend,2026-08-06,2026-08-09,10,,New,Girls Like Girls,,2026-08-07,,,,,,,,,False,https://www.cinema.com.my/movies/charts.aspx?date=8/9/2026,2026-08-13T07:38:00+00:00
